,name,id
0,Drag Me Down,3pDek256ZgaPcii9t9o4dv
1,Balam Pichkari,18e3XXYCv4Tx8uUl1mP3CN
2,Ilahi,5cgKosPPj5Cs9a2JQufUc1
3,Badtameez Dil,4eu27jAU2bbnyHUC3G75U8
4,Kabira,3jJ5HgLRNydtLRghjWVaCG
5,Subhanallah,0GQngE2rOYvlKwEQjTAsP8
6,Dilliwaali Girlfriend,3W1XPf7mvuQcWQB7U7MbTM
7,Ghagra,5YY8EsBdUYAg1NJQIvgCEj
8,Kabira (Encore),0aK5fBopIfyEf8dcaFq7yl
9,Ilahi (Reprise),5wdkKS3kWXBU9bklLVsAFs
10,Udd Gaye,5ZsAhuQ24mWHiduaxJqnhW
11,Jab Koi Baat - Recreated,43GfQ1SC17rBWiHkOtdwK8
12,Maan Meri Jaan,1418IuVKQPTYqt7QNJ9RXN
13,Chaand Baaliyan,0snQrp1VaY5Pj1YIHRJpRJ
14,Kamariya,5HJvDTnAaDWqhsE841I1QR
15,Love You Zindagi,6k3XXCE1ZzwevQlxf8dNaw
16,Senorita,3TAhWtQnpoL5Vl9VQPl9fU
17,Lonely Together (feat. Rita Ora),75NhhYjHO43mvZgYtnXgti
18,Meant to Be (feat. Florida Georgia Line),4e4fqjx0Izh4svvTef1z7e
19,Happy Now,4keoy2fqgwGnbWlm3ZVZFa
20,"Mood (Remix) feat. Justin Bieber, J Balvin & iann dior",6FuGJB290AQMAHTfjOYVaK
21,Entammede Jimikki Kammal,2n46SeXId7o9WvXTFgRO8B
22,Bijlee Bijlee,1iZLpuGMr4tn1F5bZu32Kb
23,"Mere Yaaraa (From ""Sooryavanshi"")",0tpwqQhdfJXRcUDSNRjb9O
24,I Ain't Worried,4h9wh7iOZ0GGn8QVp4RAOB
25,Manja,6o1o5SVSqVPLKAnZxRQz4x
26,Kar Gayi Chull,3BhjbaGeI7E0CiIjctfdD3
27,Naagin,7gAyu0od48mkaCw1laPKVC
28,Scars To Your Beautiful,42ydLwx4i5V49RXHOozJZq
29,Can I Be Him,0VhgEqMTNZwYL1ARDLLNCX
30,"Let Me Go (with Alesso, Florida Georgia Line & watt)",5Gu0PDLN4YJeW75PpBSg9p
31,Thoda Thoda Pyar,1GS0ShNbM4dpgmH7gaqIfe
32,Him & I (with Halsey),5k38wzpLb15YgncyWdTZE4
33,Mehrama,6cUOiOY5qh2FpIQWIYAd2h
34,Wellerman - Sea Shanty,54OBgO0Xwu20Jak9TMXbR7
35,Photograph,6CgNoAbFJ4Q4Id4EjtbXlC
36,Demons,5qaEfEh1AtSdrdrByCP7qR
37,Cold Water,4crR8rhNoWAa149MtZO2Ws
38,Soviet Connection — The Theme from Grand Theft Auto IV,5AAXvrvpClghVZIvk5wPqf
39,Memories,4cktbXiXOapiLBMprHFErI
40,What Is Love,5iV54XjRdRSTttMv8SNCy9
41,MOOD 4 EVA (feat. Oumou Sangaré),7oqftogUN82Q7VNy2TmTJW
42,Sunroof (feat. 24kGoldn),0u0eGWwyJmOVoG6ld4uNm0
43,Señorita,0TK2YIli7K1leLovkQiNik
44,Jalebi Baby,6GKGoi0FHzldk1ZRQoV1fv
45,One Dance,5ZKG94fnjiuMH5yrC5S9lS
46,Yahin Hoon Main,5SKVkR6VYFfz3GJ8BsnG06
47,Treat You Better,3QGsuHI8jO1Rx4JWLUh9jd
48,Play Date,4DpNNXFMMxQEKl7r0ykkWA
49,Same Beef,65c6VCikt7f5sAS1heoYQC
50,In the Name of Love,23L5CiUhw2jV1OIMwthR3S
51,"These Days (feat. Jess Glynne, Macklemore & Dan Caplen)",20ZP3Om9DvDazXrNUC7WM2
52,Saibo,5E99hhV9umLN7KqTLpZPii
53,Arcade,1UReO1X8z8qcZRXXzly6FB
54,Timber,1zHlj4dQ8ZAtrayhuDDmkY
55,Ghost,2vRmKXtDX3acEWm1XnP47t
56,Numb,10xV5l9nhLvFpR8mqzs0bL
57,Apollo - Sped Up,1inNWPIdBuMIgKubp53Qm7
58,Beautiful Mistakes (feat. Megan Thee Stallion),5zFglKYiknIxks8geR8rcL
59,THATS WHAT I WANT,0e8nrvls4Qqv5Rfa2UhqmO
60,The Hills,7fBv7CLKzipRk6EC6TWHOB
61,Mood (feat. iann dior),4jPy3l0RUwlUI9T5XHBW2m
62,Blinding Lights,0VjIjW4GlUZAMYd2vXMi3b
63,Mera Safar,2AB7fsbG0eZJjDGile69CQ
64,Proper Patola,39ujbBjTwwqUFySaCYDMMT
65,Wavin' Flag - Coca-Cola® Celebration Mix,4nOygULhEuDO5ZBRNPFaso
66,Astronaut In The Ocean,6E90gq0KO6FYZVOXx8kCcC
67,Sorry Not Sorry,0yvPEnB032fojLfVluFjUv
68,Harleys In Hawaii,5nCthAh3jt4xKuLJAifAaR
69,Bones,0HqZX76SFLDz2aW8aiqi7G
70,This City,3H3r2nKWa3Yk5gt8xgmsEt
71,No Lie,48QmG1dfvMuYLxMPt7KSRA
72,Somebody To You,36M0NzkkJzr4ud9RYM5ynK
73,Levitating (feat. DaBaby),2i4Cd4c6uEjLZgdy2BQbZO
74,Under The Influence,71mHO4fFmS2Xu5XxZbcRND
75,Oo Antava Oo Oo Antava,3szxldqiYs7nkvtmooRod8
76,Starboy,7MXVkk9YMctZqd1Srtv4MB
77,"Character Dheela 2.0 (From ""Shehzada"")",24AfLjMMgO8AjhQw8l7y1L
78,Tere Pyaar Mein,2ZD4aIEepqZsdxPxLSuUhm
79,Meri Jaan,4iEGv5Ne6HuCkFCjzxdWQK
80,Sakhiyan2.0,2hTn8oS49IQULxAWs7hEBz
81,"O Bedardeya (From ""Tu Jhoothi Main Makkaar"")",0czcoKJbJt08NqKrvSbbz7
82,"Bhool Bhulaiyaa 2 Title Track (From ""Bhool Bhulaiyaa 2"")",2cbaCL38j8eUXBQjvLawET
83,"Ghodey Pe Sawaar (From ""Qala"")",1a8w8nlIyIhE2W1HIayKnl
84,"Galliyan Returns (From ""Ek Villain Returns"")",2eTkxblLeqdTSsb2ivafDX
85,Tu Aake Dekhle,5BKKKNwrebowaMoUdBaNby
86,"Raataan Lambiyan (From ""Shershaah"")",2rOnSn2piaqLAlYjtfUBlY
87,Baarish Mein Tum,4xA7TokHI9HTapV4wO3W5I
88,"Besharam Rang (From ""Pathaan"")",0CtZpaOhtzvLV3FfcsVpQo
89,"Doobey (From ""Gehraiyaan"")",7MBqVOzb8C3f0FXr2LBLiq
90,Filhaal2 Mohabbat,576v1keY82NOPITMNu0wD2
91,Ektarfa,70wFZWY6cKFxp3Qcq8uxH4
92,"Srivalli (From ""Pushpa The Rise Part - 01"")",2YmXGUx32C3CUEgcAyHcGf
93,Kahani Suno 2.0,4VsP4Dm8gsibRxB5I2hEkw
94,"Show Me The Thumka (From ""Tu Jhoothi Main Makkaar"")",1t39FBb0zsKv5krZaqZKCB
95,Black Magic,6rmXhRIemCTPyMYZRDN7Qg
96,Matkar Maya Ko Ahankar,18dts4OqWOQTGFlMTGodkk
97,"Hey Mama (feat. Nicki Minaj, Bebe Rexha & Afrojack)",285HeuLxsngjFn4GGegGNm
98,Tukur Tukur,5swv4r5dYNHhsL54jGqmn8
99,Main Rang Sharbaton Ka,1yYM7dY6wSJFp5qmxPRLu1
100,Calm Down (with Selena Gomez),0WtM2NBVQNNJLh6scP13H8
101,"Naacho Naacho (From ""Rrr"")",208sMwgVcaFt2mT79Df1KG
102,"Husn Parcham (From ""Zero"")",7dU8HTgtvhyOUqgKumTUKR
103,Believer,2sU9EjevkrU9OkPZudvFNN
104,Heat Waves,3USxtqRwSYz57Ewm6wWRMp
105,Name Tag,54fFQDKCPb0NO6WRnAlLfV
106,Call You Mine,6J2pC3j9WF4tVJo4mEHZdn
107,"Najaa (From ""Sooryavanshi"")",09vHbIezp9NP31CZWysk3v
108,Firework,1mXuMM6zjPgjL4asbBsgnt
109,Million Ways,3wuR0YSNdT9rgWfFi1lctv
110,Kun Faya Kun,7F8RNvTQlvbeBLeenycvN6
111,Gallan Goodiyaan,7zVaOOcSGe6o6ZIOEAF68C
112,MagSafe,1CZcbZ3MTA7JOyt5fQrcv4
113,Dance Meri Rani,2Og3TvRiujRDfgnkmgaOhW
114,Sad Forever,5kM7vJccMgGB5i7YlT4BtM
115,"Taki Taki (with Selena Gomez, Ozuna & Cardi B)",4w8niZpiMy6qz1mntFA5uM
116,Main Badhiya Tu Bhi Badhiya,05gTJCRktC20gsp37kNSTH
117,Fikar Not,7oRA6vzbUl5brLK7GDcKOJ
118,"Love Me Like You Do - From ""Fifty Shades Of Grey""",3zHq9ouUJQFQRf3cm1rRLu
119,Little Do You Know,1bVs38kkrOosMaQCdxna9d
120,"Deewangi (Rainbow Mix)[Remix By Dj Kiran,Dj G]",07RJC58SXjGzBODPOZZq0x
121,Deewangi Deewangi,7emLx4rVwr0tPyjktu7A7U
122,Ajab Si,5FXMRdJjKq1BIX4e8Eg9mK
123,Main Agar Kahoon,3WVHfTd7xz9VPYJQFpOp8j
124,"Jaadui (From ""Tu Jhoothi Main Makkaar"")",4nriYsKSq1VmiamjZOB4Tp
125,"Duniyaa (From ""Luka Chuppi"")",2tjWCe2W7sgvS3C8NHcdtI
126,Show Me Love,7rfiXyFb5M9BqdkvKvVEiB
127,Ambarsariya-Suit Suit,2VdzADGdeTlyqFBeSIFDKt
128,Dancing in The Dark,4QCVvLRNP45j83odN8Gzml
129,Dilliwaliye,1AkyGhZWPOf9VKA1pTmJNn
130,Daily Daily,3rO4H57XVaVvihdUV2kt4n
131,Waalian,29NyItj5L18Qn4QlPSeRE3
132,Don't Look Back,3w5GBBZkHMBQ7NgpdGJ9Xx
133,"Kaise Hua (From ""Kabir Singh"")",5w0Xpt2YHT2Y3z3e4UUJP7
134,Shayad,1smFN2CLqGROu0J0UyvDfL
135,"NCR Ke (Original Song from ""NCR Days"")",0PHCoJBQyXpTci3lfy7i1s
136,Lover,0XwRlvv3KlOu4HWlOH34XG
137,Despacito - Remix,50sDAJ1OV0vDfQP91RrAT7
138,Standing When It All Falls Down (feat. Roshi) - Official NiP Team Song,0wyTaLdr1Rc0tMPpMTPUWD
139,They Don't Know About Us,6M31fPFCYB8Job3MCjjrDV
140,Bad Habits,0UN3rHI3JTM0cuX1qLOTdF
141,Mirchi,5KkCsYIgMK5H7Ih31Dnd2Q
142,MONTERO (Call Me By Your Name),67BtfxlNbhBmCDR2L2l8qd
143,Daryaa,5WJ7hrAsgcfncN8zussoFq
144,All We Know,65Qe0x9oCbs9pNJc6QBFx7
145,Safarnama,6w458kA8WOAIZr1ublxnK9
146,Sajdaa,395gJWcJQK0C3GJfHAn7f6
147,Subha Hone Na De,6WediUhXDfm8FR3wlM0r3G
148,Be Kind (with Halsey),3Z8FwOEN59mRMxDCtb8N0A
149,2step (feat. Armaan Malik),1vf09n9QoDVWhBImRgQQyG
150,Maan Meri Jaan (Afterlife),0Sy4U9bS9FG8d4NH1Kfvhq
151,STAY (with Justin Bieber),6J1mdhEN8U5943JvzO2RNK
152,Dandelions,6fhG2KJgwO7CrNflRaRmvp
153,Left and Right (Feat. Jung Kook of BTS),0mBP9X2gPCuapvpZ7TGDk3
154,Light Switch,3AVXwaOGCEL8cmBecfcsFJ
155,Into Your Arms (feat. Ava Max),0b11D9D0hMOYCIMN3OKreM
156,Let Me Down Slowly,2qxmye6gAegTMjLKEBoR3d
157,MONEY,0g4fzRkbLeCDUCoe5iUOcf
158,Levitating,39LLxExYz6ewLAcYrzQQyP
159,Bhool Bhulaiyaa 2 Title Track,2cbaCL38j8eUXBQjvLawET
160,"Nadiyon Paar (Let the Music Play Again) (From ""Roohi"")",2PEo8JQ48mfEv8a2HLqDvt
161,"Maine Pi Rakhi Hai (From ""Tu Jhoothi Main Makkaar"")",3rQDMaRia4W2M0Fliv9J4I
162,Sutta,55FuzGP2FX0F0AowXYp86G
163,Kaali Teri Gutt,2LQNu1QEkmCystO6qqnrVs
164,Shut Up,76cy1WJvNGJTj78UqeA5zr
165,Dotara,1xm3sOPcACkGMzxG3HhMDT
166,Sanak,3SiQsAVS3CDJQzWPRyX1XP
167,"Chedkhaniyan (From ""Shehzada"")",6EKY8rpjaBxxB0WbXJhedU
168,"Kudi Chamkeeli (From ""Selfiee"")",703UsTGRCq2nttht4ib42D
169,"Pyaar Hota Kayi Baar Hai (From ""Tu Jhoothi Main Makkaar"")",2vPrBucKCfKmafHhSfJ2pt
170,"Munda Sona Hoon Main (From ""Shehzada"")",0NODNDsiY0sK5P0TnmDMSE
171,Unstoppable,1xNJMrHwYGKX4esmYxkPUY
172,"Current Laga Re (From ""Cirkus"")",0z8wIFS6LUp2iz6kajcID7
173,"Mudhal Nee Mudivum Nee Title Track (From ""Mudhal Nee Mudivum Nee"")",1AzNN19lPYC68iacrbWL8X
174,"The Punjaabban Song (From ""Jugjugg Jeeyo"")",1XSSm7oKOzNE8oUapjIRWV
175,"Mummy Nu Pasand (From ""Jai Mummy Di"")",74qF0JeFMVilMEeFDiQZ48
176,"Aankh Marey (From ""Simmba"")",2LlAQ7Zk7NlHLCWzf8Cxcy
177,"Odhani (From ""Made in China"")",2q0V50aNlI1RQXJyE5HDgD
178,"Chalak Chalak - From ""Devdas""",5vi2v2FeqGwxpMEsHxXzJd
179,Besharmi Ki Height,1qtl3vB0uqciZ94g3S6TO7
180,"Nikamma (From ""Nikamma"")",3qgklso41KNlGppAwsJoLq
181,All Black,7n6AQKpZUGiJM2auF3yuDY
182,Wakhra Swag,0gbk1PiLb6ISZ2hffSKLmq
183,Nashe Si Chadh Gayi,0biCSADTAblvLTLtJz4pXO
184,Suit Suit,2mwBSO58y92EYmEFpDfmS7
185,She Move It Like,6iSUIEoQaZXB2gtTCTeQYv
186,Lungi Dance,5mspnitXdgFoR1PJeTKth5
187,"Tune Maari Entriyaan (From ""Gunday"")",5kg1GacbhgQfLcbgOBRO9c
188,Saturday Saturday,7MvQQGqYE4r0ucTarmI2Gr
189,Closer,0Ye1olMyvB2rLjZ4vlYVWI
190,Victory,0k7Jl4wxnWZpsFsMOyr9Li
191,Ek Dil Ek Jaan,1NfNC8BKQSbWyhwZgLvrfY
192,Fight Song,37f4ITSlgPX81ad2EvmVQr
193,All Time Low,3aEcaegTsg7rnU0Mk5a7Eu
194,Sakhiyaan,7Je1WAFC1moupG7xPqmtCu
195,The Nights,3hRV0jL3vUpRrcy398teAU
196,Never Leave Me (feat. Joe Janiak),6mvF9Mpgqr9Gj8rhPiUVfD
197,Without Me,5p7ujcrUXASCNwRaWNHR1C
198,drivers license,07EILZ6UWcI1HeI1AcXU4t
199,"Naalo Neeku - From ""Mr. Majnu""",1WYYiIsWSSrB4lfBoAUNhc
200,Payphone,1XGmzt0PVuFgQYYnV2It7A
201,comethru,18uwL0vNUanqZH0ro2QcOP
202,"He\'s a Pirate (from ""Pirates of the Caribbean: Curse of the Black Pearl"") - From ""Pirates of the Caribbean: The Curse Of the Black Pearl""/Score",1a4k2osHzhVwhvgINJERyN
203,Radioactive,1p72DhSVCYhdO5Or2Nd11I
204,Die Young,7EQGXaVSyEDsCWKmUcfpLk
205,Instagram,4b0sg9CF68kCYJhFguXk5H
206,We Are Young (feat. Janelle Monáe),5rgy6ghBq1eRApCkeUdJXf
207,Our Song,1j6gmK6u4WNI33lMZ8dC1s
208,Perfect Strangers,3P3pw6C19j31Rnzgo3JG7o
209,Angreji Beat,4psVrPZy07uZTLwc3Mqz4V
210,Afterglow,0Kp13tifAmX8SC0TlBkOmp
211,Young Dumb & Broke,7ER7vcy7u2ajg5IV45WBFw
212,YOUTH,3FpOx5puPuaX1TAkjsbEoA
213,INDUSTRY BABY (feat. Jack Harlow),27NovPIUIRrOZoCHxABJwK
214,Love Me Less (feat. Quinn XCII) - Ookay Remix,2tOOcDDYkh0PSjr6GwPEAJ
215,What Do I Know?,2pJZ1v8HezrAoZ0Fhzby92
216,Please Don't Go,3cNjgVBKTJ1SvKhunrCdVy
217,"Kusu Kusu (From ""Satyameva Jayate 2"")",4blcmVDJLkFfPpWjthvLZH
218,Unholy (feat. Kim Petras),3nqQXoyQOWXiESFLlDF1hG
219,Just Hold On,3EmmCZoqpWOTY1g2GBwJoR
220,Lie To Me (feat. Julia Michaels),6GzApXoBQiiAjak3tOQfV3
221,You're Perfect,4iSWQ5Eadn5tZvvG9XNzYN
222,Counting Stars,6sKyTORhJY0F4Lz7R7wOIK
223,Harry in Winter,4H3KBBAe2Fcgv9lH6E10Oe
224,Hangover,5AtPTYc8CPCePrIlaHrJc3
225,Happy,72K0gi3DyEuaW0kPCw0lrO
226,"Genius (feat. Sia, Diplo, and Labrinth)",4TlbZgqxhJ6uN3tpVyjw90
227,Don't Leave Me Alone (feat. Anne-Marie),2lYTJK94hb0fd1LQtb6Dhk
228,More Than You Know,6h5PAsRni4IRlxWr6uDPTP
229,London Bridge,2SXavTdVvNS4dAgexJxiYT
230,Someone You Loved,4m0q0xQ2BNl9SCAGKyfiGZ
231,I Think I'm OKAY (with YUNGBLUD & Travis Barker),2gTdDMpNxIRFSiu7HutMCg
232,lovely (with Khalid),0u2P5u6lvoDfwTYjAADbn4
233,Danza Kuduro,6DXLO8LndZMVOHM0wNbpzg
234,"O Saki Saki (From ""Batla House"")",4cFwhwH5ydnHgB0Tv3lZsm
235,Rise,69Sy7207dnixZ6w7RSV9Kb
236,The Middle,09IStsImFySgyp0pIQdqAc
237,King,1QC7vpmKZW0Nb3I16f9jND
238,Dancing With A Stranger (with Normani),0GfS3y8Jd7SHWd9R51s7Fo
239,Naach Meri Rani,1orM67pmkNc4alrZkWjYkV
240,"Home (with Machine Gun Kelly, X Ambassadors & Bebe Rexha)",0OI7AFifLSoGzpb8bdBLLV
241,Daaru Desi,5pAo2q7eVt65OSkwYgqhHl
242,Ratti Ratti Reza Reza,7zgXFtMLaRnDweNdVWGpVF
243,Love The Way You Lie,15JINEqzVMv3SvJTAXAKED
244,Anjaana Anjaani Ki Kahani,3pNxVP6r45iUho1uxEYdj9
245,South of the Border (feat. Camila Cabello & Cardi B),4vUmTMuQqjdnvlZmAH61Qk
246,"Cutiepie (From ""Ae Dil Hai Mushkil"")",1YOW5pnfikVa6BcCBIOQUU
247,Channa Mereya - Unplugged,0xHvmWCpz9Pnn1sDvRehAs
248,"Manma Emotion Jaage (From ""Dilwale"")",6emsLWJ2bu8vCP7BslV76d
249,Happier,7qQBDZ0OOjB08puThixBGJ
250,Enemy (with JID) - from the series Arcane League of Legends,3AmVt1GKoL0qV4jf1PxbJj
251,Ranjha,5Fcb5rMOXctxKoctBD1PPu
252,Kar Har Maidaan Fateh,3FHl1QYu76zguwjqhqcglX
253,All Falls Down (feat. Juliander),5yFSF6qQA1rcLsQRnBsZgb
254,Acapulco,0x85W4yMq53ZrHdhlcBPax
255,Swag Se Swagat,2AjGLmuZK1fu21n1IpB9RU
256,rockstar (feat. 21 Savage),5l38Fl6isxOyDXWVlwPJjJ
257,Shubhaarambh,6qGCJLF0V7SuHTOOGUcDsv
258,Khaab,0a6zRnrjmaOcqsEIFkXIhw
259,"Heer Badnaam (From ""Zero"")",1mLjtKr1Mn1cnsTTozdeLK
260,Live Forever (With Cheat Codes),3aQGknD9CVAtpQFh6Qtalq
261,Darling,2j1Es5qEl4pD8GEe2WsYgP
262,Jiya Re,21Af1fetSINZpmAS3si8DW
263,Leja Re,5se72G7mD8ZN6EyQX96K0K
264,Darkside,6xlOnm5MITIKtixzJW8R0j
265,Sunset Lover,0hNduWmlWmEmuwEFcYvRu1
266,Ik Vaari Aa,7fyiYhn7STpHvT5g0lbncC
267,Long Drive,2jDrRaea7deXVEt4JmpvBU
268,Jhalla Wallah,1y8Ck6jFOyxNC59SrQJIn6
269,Jumme Ki Raat,2xHMxag2921urhJvdUOmPk
270,"London Thumakda (From ""Queen"")",2qJAzSE6uC94oH2NRoPrGl
271,Tere Liye,7AOfgEOt50y54MXS3PzM4E
272,"Tum Hi Ho (From ""Aashiqui 2"")",56zZ48jdyY2oDXHVnwg5Di
273,Bahara,1gwO79MdYdumgIjxq8eCxB
274,Character Dheela,1r4oikmMdZZiGHkPA4hSoe
275,Saree Ke Fall Sa,6q9Xm2jmdQ3Qi91iQpdHH9
276,Yaar Naa Miley,56lHtVpvNxFSKewJKpeYc3
277,Tum Hi Ho Bandhu,7H3mfOvtPNA8YDF3EdKy0L
278,Saadi Galli Aaja,6riCsiX9csuomBYnenrtGd
279,Chittiyaan Kalaiyaan,6XjJXPP3UiGtAQpYkD01c0
280,Nagada Sang Dhol,5s9Kd33ExIhpe1JJSj5zLZ
281,Oh Ho Ho Ho (Remix),3F0I9AkbRwz12yz7Hxn0bF
282,Matargashti,5GeBgck1MU2tlIkMpsn8uT
283,Gazab Ka Hain Yeh Din,73uS7CoWc6Ag3y2Tu20VCG
284,Hairat,3Bq7CnWgfvplEzGSVXUvOe
285,Dil Dhadakne Do,46elU7IBKWf55D5sjHGqO7
286,Sooraj Ki Baahon Mein,723xQva0yBF7M6K3nDAG8R
287,O Gujariya,4jQRR061JUkU9aDOZY9ho7
288,Buddhu Sa Mann,1dxbiVeiV7nQ2V9qXnhJiB
289,"Ilahi (From ""Yeh Jawaani Hai Deewani"")",5cgKosPPj5Cs9a2JQufUc1
290,Ik Junoon (Paint It Red),3gfB6ZLETtjDT9zLIh4f3L
291,Locha-E-Ulfat,3V3QbgrOZKtFv5MXzAAdZr
292,Pehli Baar,2tEV3uJ6RlBiZPWaS7aJmb
293,"Sooraj Dooba Hain (From ""Roy"")",48pyUxg9RYuwie5M9R7qRn
294,Maahi Ve,7Czm0vv2sYL5z4P51KY66e
295,Tum Na Ho,65QRFvzB2ZLJ1BygWPxxVj
296,Raabta,6FjbAnaPRPwiP3sciEYctO
297,Girls Like To Swing,1mFUSlTO2aP6UUBQwKHO4v
298,Offo,1mrC3aaIuUm4vpsLLEXSiY
299,Pasoori,7lvDsmTRXFE3dK4OjvRiWB
300,Flashbacks,7AB1TtGbNXkixdYZtJRb4u
301,Same Old Love,6ZANrVuAMp2rpjhfbOuJly
302,Naina (Mtv Unplugged Season 7),5If9mWAyoUNyqOK9xCGiTI
303,Panga,0sLLnrijXRNf68utXkcG17
304,Vaaste,0mJTAdmY8olbGQjopDYff3
305,Manzoore Nazar,10IozcGjniCaFST5sHeVH5
306,Hum Nashe Mein Toh Nahin,6XZWokIxs4leaSmXmU8b26
307,"Dilbar (From ""Satyameva Jayate"")",4tjLYTXFqZhkUDga4bQ0yl
308,Na Ja Tu,2JHX4L5wNhzxVMPwc7UMAw
309,"Lamborghini (From ""Jai Mummy Di"")",0N8eNF7HSu4wlZFcmjLUxt
310,Shab Tum Ho,0qbl9xq5MhWYjaSghHDVMQ
311,Mann Mera - Remix,3yV2c3cYhkAwSsxAq6nRiv
312,Mehendi - Dhol Mix,5z1GXXW2QGw5glkPGbji81
313,Tera Saath Ho,7e7KvikCdIigjhIbTScNqs
314,Mirror,5Me1gCGtrfEJvkpqoX43HK
315,Brazooka,6yVjjQA31SLM1kc4j5jPwF
316,Fake Love,35IdvhReZhMqPaYpLHkKwJ
317,"Tera Ban Jaunga (From ""Kabir Singh"")",3oWxFNsXstcancCR1wODR4
318,Bhoos,1kyuz7HsgtrWBfM2mMHwPe
319,Connection,0X5jjUWCbREmsFUVuAAkok
320,Say You Won't Let Go,5uCax9HTNlzGybIStD3vDh
321,Heartbeat,5LB6mf4iJFcsaIrzDcfgGF
322,"Chaka Chak (From ""Atrangi Re"")",5pbOpE6CfRgGnPPZJSDfME
323,Shootin Stars,4oQb1q0ELwSZWQiMSs5eiy
324,Stars,5E00xRhYsooyC3MBA2H848
325,Without You (feat. Sandro Cavazza),6Pgkp4qUoTmJIPn7ReaGxL
326,Raanjhanaa,5OMUXgfXsSukZ0zxelpC3b
327,"Raabta (From ""Agent Vinod)",6FjbAnaPRPwiP3sciEYctO
328,Take This Ride,1bjd4UgjnK5hedJJKmi3YP
329,Savage Love (Laxed - Siren Beat),1xQ6trAsedVPCdbtDAmk0c
330,"Hey Aasmaan - From ""Theri""",2dIbM8USnliRNLxxwLGNS4
331,All For Love,5VGBgPVFO3e0lWz4WHYntQ
332,Digital Dash,0GR7iJLhj80KD5LkA14ZRn
333,Live Up to My Name,65ZxwnMAKwXdzhbCQuLL4U
334,Beggin',3Wrjm47oTz2sjIgck11l5e
335,Takeaway,3g0mEQx3NTanacLseoP0Gw
336,I Don’t Wanna Live Forever (Fifty Shades Darker),55n9yjI6qqXh5F2mYvUc2y
337,Scared to Be Lonely,3ebXMykcMXOcLeJ9xZ17XH
338,Sunflower - Spider-Man: Into the Spider-Verse,0rDCPdPKaBFxTW8ZHnYoqq
339,"Saami Saami (From ""Pushpa The Rise Part - 01"")",1GjRIaC1VRaPw8cl5CAjuF
340,2002,5kYXPBgoS9zigAv2Y4Wpyk
341,BILLIE EILISH.,27ZZdyTSQWI7Cug2d2PkqV
342,Thunder,7ER7vcy7u2ajg5IV45WBFw
343,Doobey,7k6QR9YHyW258yVN6FHO1T
344,In My Blood,2QZ7WLBE8h2y1Y5Fb8RYbH
345,Lazy Lad,17QlNzGYB4iceCCW8TrXO0
346,No Promises (feat. Demi Lovato) - Ashworth Remix,7InzQLR47Yhmyd9FIQUnUP
347,Love Me Now,0Hijswm0F2WNL0vN5e4CyE
348,tere bina,6vp8XQXRrZT2Df4DbOD8Bf
349,Liar,0b4PmGxMzWWx7NMrLJwFRR
350,Sucker,7GkRHYWICZkbMOWSI2eC9W
351,Naina,2pEkvZNzEUl7BkdYzoSDtk
352,Paas Aao Na - 1 Min Music,6CtG9iggq8Dj0J2fcDVXtZ
353,La La La (Reprise),7balFi00yOQ69MONLJNVkO
354,"Mere Sohneya (From ""Kabir Singh"")",7sJQv0LRPgM2xCkkdWOlyj
355,Rafu,53MF9dsgeuCmGNk4YlGAts
356,Yaara Teri Yaari,5DUDLaokWUsRbU8XLuQM2y
357,Love Mashup 2019,12TuIypC6Im9HYL2zNd4HD
358,"Humraah (From ""Malang - Unleash The Madness"")",4xmkpE1Si5JL7NFxWrhV0S
359,Psycho,3IyziM0cSPmHfTLH3dB8Dw
360,Tera Ghata,0JBhoxPKHJc1ZeJrjSt0VO
361,"Malang (Title Track) [From ""Malang - Unleash The Madness",25MPTnqXQB1H6OkwSYUXWx
362,Kaash Aisa Hota,32IjXlRFxNtJ4eMhKAUrSX
363,CANDY (Hindi),5GeqE3hPE9ld9RNhYm3qec
364,Shayad Yahi To Pyar Hai,0Y4yEiDOL63Z8ePK3HSQvg
365,Bumro,5EGJ7e7frJjYja6H4afzoT
366,Yaara,5U9WCZMtC4X1ji3kjLK31e
367,Asal Mein,0rMeOAvbQZ2RTG4B6L1M4p
368,Rockabye (feat. Sean Paul & Anne-Marie),5knuzwU65gJK7IF5yJsuaW
369,Aao Kabhi Haveli Pe,0sUAJpnEbHak1FDXATrt2p
370,Wolves,33gwZOGJWEZ7dRWPqPxBEZ
371,The Archer,3pHkh7d0lzM2AldUtz2x37
372,This Feeling,4NBTZtAt1F13VvlSKe6KTl
373,"Hawa Hawai 2.0 (From ""Tumhari Sulu"")",68pyYudVJIEOvr93rCYWSJ
374,Mask Off Freestyle,0VgkVdmE4gld66l8iyGjgx
375,Old Town Road,0F7FA14euOIX8KcbEturGH
376,The Banjo Beat,28zuSOU9PyIcIDQc5zUQnv
377,Jalebi Baby (Tesher x Jason Derulo),6FvSS3Goz7OC8oCC2eWqe8
378,Invisible,1QQ1Dx8dcLgWvUaY5fk84y
379,Uff Teri Adaa,0og9wKFGgFFNQnrBe7eisG
380,Socha Hai,7IjnfuMNfdrAXbefurdIIR
381,Stay,3qwQ3PEudWSXRaWbsJUUx5
382,Somebody That I Used To Know,1qDrWA6lyx8cLECdZE7TV7
383,"Arabic Kuthu - Halamithi Habibo (From ""Beast"")",6yvxu91deFKt3X1QoV6qMv
384,I Forgot That You Existed,43rA71bccXFGD4C8GOpIlN
385,City Slums (feat. DIVINE),6xzQ1uSk2Rzz6Xdf8xBnWn
386,"Kudi Nu Nachne De (From ""Angrezi Medium"")",4YIhJmihoXwjtbY4vsV9Nh
387,Dance Ka Bhoot,5OcGETO7eEKjKme4gm0r7y
388,Silence,2JuMJK7tksNxi9EZ1fz1hq
389,"Tu Hi Yaar Mera (From ""Pati Patni Aur Woh"")",57jOEZtoLQK4zF2x55bdkp
390,Aashiyan,7mxqlzdKL1nmjqEWpU0A0O
391,Mama (feat. Ellie Goulding),3WDIhWoRWVcaHdRwMEHkkS
392,Hey Brother,4lhqb6JvbHId48OUJGwymk
393,Trampoline (with ZAYN),1iQDltZqI7BXnHrFy4Qo1k
394,Agar Tum Saath Ho,3hkC9EHFZNQPXrtl8WPHnX
395,Param Sundari,6V2gfu2CZWM84HaLdw8swM
396,History,16dPu3OJeeLvGpGwKDdNHI
397,"How Far I\'ll Go - From ""Moana""",1ERshJBUZysordGDZr5B3t
398,Raatein,2tsIWi4o3Nkbq4yF9OPNg9
399,Sun Toh,3Z6AUy70LGDKESyzVA0XwT
400,Nit Nit,6r2jK1A6oFRPREZfxjc5d1
401,"Mere Liye Tum Kaafi Ho (From ""Shubh Mangal Zyada Saavdhan"")",3qrdLVOClRU4yPkcXZ7c5u
402,"Darasal (From ""Raabta"")",3OZLwCFeWOCFHTlIIrwzmO
403,Sang Rahiyo,45PA9lW7U5LYnlpGrdTyHY
404,Kasoor,08kTa3SL9sV6Iy8KLKtGql
405,Zehnaseeb,60qCUp3iLVIVCiZWpOIy0e
406,Jeet,7kl1KAzW5O4gOAesaHxiq0
407,Kya Karoon?,4Yp8zw7b35bheMVTp39o5O
408,"Ranjha (From ""Shershaah"")",72zHuDxFQTjbL51qJQSA7j
409,Waqt Ki Baatein,0cJTjTH3XVTTJh8F4Uq1db
410,Naina's Theme (Instrumental),4k0jCFIvIN29JO4IGUjFiY
411,Rihaayi De,5C10OXEl9FAz4hcktww0le
412,Yeh Jaane Kaisa Raaz Hai,3oOS9fuJ4tfu533xytOGLt
413,Falling Like The Stars,395KzBy0bkb57dEvg6cfzJ
414,Complicated (feat. Kiiara),1pAvAiQK7naCXyhkcRQAZl
415,Tujhe Bhula Diya,4r8JqkhpTb5tzSKKHnVJIJ
416,Haaye Oye (feat. Ash King),0oukMLKedsqQ3ltnI2daRO
417,Toothbrush,2dBPk9x4p5tgaEuCl3Ru2Y
418,Chakkwein Suit,2dtoowCHQk8lvRbc8oE8kJ
419,"Haan Main Galat (From ""Love Aaj Kal"")",068HSvCf5MbQfhV4qqaelg
420,A Sky Full of Stars,0FDzzruyVECATHXKHFs9eJ
421,"Ik Vaari Aa (From ""Raabta"")",7fyiYhn7STpHvT5g0lbncC
422,Run,6KL88T4Ma4ABXqzgUoEwkd
423,Wanted,1Faq8G2y56A8fRv7HsLq25
424,Galway Girl,0afhq8XCExXpqazXczTSve
425,Tere Pyaar Mein (slowed & reverb),2ZD4aIEepqZsdxPxLSuUhm
426,"Ae Dil Hai Mushkil Title Track (From ""Ae Dil Hai Mushkil"")",1UWacd8x8tPPwmrPB1MoBI
427,"Channa Mereya (From ""Ae Dil Hai Mushkil"")",0H2iJVgorRR0ZFgRqGUjUM
428,"The Breakup Song (From ""Ae Dil Hai Mushkil"")",7os7Ce1QfpEcYqIYP7yKUY
429,Aaj Jane Ki Zid Na Karo,10xpoX1VRYvPz9KwKtKbX4
430,"Bulleya (From ""Ae Dil Hai Mushkil"")",0edt0Ar7ewLkMqy0jUtSWm
431,Jee Le Zaraa,56xpmLGCwXO7omuYtDYsvl
432,Hate Me (with Juice WRLD),6kls8cSlUyHW2BUOkDJIZE
433,Safari,2AnMndnV7XFk3VuuCPy6Zk
434,Stay (feat. Philip Strand),0mVlTS748qNB0tBUCtOMY7
435,It Ain't Me (with Selena Gomez),3eR23VReFzcdmS7TYCrhCe
436,OK Not To Be OK,0zzVTGyRrWpQu8Fr28NRAv
437,Rescue Me,5zZaxeRo4e09KUJ5sbEC7Q
438,Hide Away,7fPyCCiXVwbzPQ1MtoUChl
439,Lehanga 2,1E6EwZziD55AK437Ra0b99
440,Good Life (with G-Eazy & Kehlani),0Oa9mHOnH14GZ4toWwkf4c
441,Arrival to Earth,4u4VElxO7JM4IR4jR4TL1s
442,A Thief In The Night,6IHlGWfrFM8W2WiF1DMzyI
443,Tenuous Winners/Returning Home,3j0anhPHIuTukHhyGlkwvp
444,Goodbye Brother,3z2SbIgI8rCwgPWePonabq
445,Captain America,4V2s08BMEqJWIfa3PcNOpR
446,Help Arrives - Extended,24ssTzjpXsXhoeb1wKayU0
447,All of Me - Piano Arrangement,1xheI9jOb3iAz5VPCafand
448,Call Me Simon,4pXNmo6QUWV1x2DBO32ofD
449,Something Worth Protecting,2JB1eqYyRpvvT3hUSa0c5R
450,The Assassin's Dagger,5uXztUX2ipi9KOCzKvvhPB
451,Claire De Lune (From Twilight),44YNPCAchsRxZz32j2tM9C
452,Halo - Opening Suite,0gAqni5NhrAoaf7aWB5P0c
453,The Legend Of Zelda - Main Theme,2QSKqb1s96PggfK0hv0W8u
454,Justice League - The Animated Series (2001) - Main Title Theme,57Wt9CEa4UZXqHrvjJjdB8
455,Ray Dean,27CfGm2CRpcAbEK8NI2WLA
456,Royals,4SDWMFvYJKtK1QPhIOeZhd
457,Bad Things (with Camila Cabello),1PSBzsahR2AKwLJgx8ehBj
458,Middle Of The Night,74vs7PD7iG2GnWUGnb8Yuq
459,Breaking Bad Main Title Theme (Extended),2hsLpiKNkWpd4e9QuVdhar
460,I Giorni - Live,2L3BJBE8XfBqSQ3wZxaLDz
461,House Of Cards Main Title Theme,51pqlgzFBtqcRmb1CKdc56
462,Battle of the Heroes,1u3nu8fNWFua6mQjw4ReEt
463,Game Of Thrones,2q6fxAvSpqXR4jx9Ne7RGz
464,"The Breaking of the Fellowship (feat. ""In Dreams"")",1ykbtFnlIjmIFnZ8j6wg6i
465,"The Council of Elrond (feat. ""Aniron"") [Theme for Aragorn and Arwen]",3Knohqfb9jeYzL6wMZiWLM
466,Galti Se Mistake,4KhA8Kmnj95CxxAVYd1U9f
467,Let Me Love You,0lYBSQXN6rCTvUZvg9S0lU
468,Cheap Thrills,6b3b7lILUJqXcp6w9wNQSm
469,What Other People Say,2h9TDNEXRhcDIV3fsoEVq9
470,When I Grow Up (feat. Wiz Khalifa),3LK452TFyApuFN9jjg3THO
471,Tu Jaane Na,4iFPsNzNV7V9KJgcOX7TEO
472,High Hopes,2JTGSWkFFUgilwl9r0UHqS
473,Jashn-E-Bahaaraa,1O5mTSQa0sCce9ghhDqIZl
474,Karma,3zDwMOeRXIiYwlzmSMCRZF
475,Eyes Closed,4o120XeV8els1S5bu7mzBX
476,Hedwig's Theme,1n8NKQRg8LVHy7oUhUgbFF
477,Rue's Farewell,2kAwInoNljoVi4SsYCnFeo
478,What About Us - Piano Arrangement,30kYW1Qf0cLa2wj1AxNEHS
479,Attention - Piano Arrangement,4MlMbV73noW3fRu4S841N4
480,Something Just Like This - Piano Arrangement,3vT0P5juZ6m5UrN31Avw2y
481,Closer - Piano Arrangement,6SUyIpX8ech8tO8RyZ2Idh
482,Requiem for a Tower,4QVxZF4x31Jg5E4YlSpcFx
483,Writing's on the Wall - Piano Arrangement,4Td2BScsAO2bTXPGNsNIII
484,A Sky Full of Stars - Piano Arrangement,5krTuQpNU2MmxXdhUqX4X2
485,La La Land (The Piano Medley): Mia & Sebastian's Theme / Another Day of Sun / City of Stars,2EPYXBp21s7Ha4iMscjQdZ
486,Hold Back the River - Piano Arrangement,5xZQKFm9mfNm59m1QgxLei
487,Take Me Home - Piano Arrangement,1N5VSAXfX2UbuCxmO55Cpp
488,Family Theme,38cLatxBiHQ4I9oFdUuzsJ
489,Stitches - Christmas Piano Arrangement,0ElPjIdTEbGsrK6CifqEqD
490,Surfing Dolphins,48qRLedRTIrbddH9Zm9FJO
491,The Blue Planet,1zV1NHVIJbBsvhwuxgMIxk
492,Perfect,0tgVpDi06FyKpA1z0VMD4v
493,Race to Feed - 2,1CZcbZ3MTA7JOyt5fQrcv4
494,Mobula Rays,07X1XUDHCeU9l52DaGSqhy
495,Turtle Spa,4F06lVx2F0vrnhOCp2jcKV
496,Big Blue,72rNf7mHVRrVs97Kv8a5BA
497,Scavengers of the Deep,7qo45ymuAMa0XmgTFM5CfW
498,Abyssal Plain,3Mpyw3DJsufJ0gxfj7BOEg
499,Kobudai Transformation,3oEllCjRbaRJrZKtZVLsDJ
500,Humboldt Squid,5n5DrEHmoBTUr2PVF9S0Wh
501,Race to Feed,4Tw0uHMkxqGt25RvTf5v93
502,Ducks and Currents,4YAnFq9kzeXdYFBEtJnOGw
503,A Forest Awakens,2S96tCAo3u4FDJ7gQon4yU
504,The Story Begins,7qiZfU4dY1lWllzX7mPBI3
505,Peace and Purpose,6puMtfKhCvWrnaJhOWXzI6
506,The Rebellion Is Reborn,0xOeB16JDbBJBJKSdHbElT
507,Back To December,5l6GqSxplqnZbLg0LTPQeG
508,Duskwood,71mDkEBSKFMh3sEtvHgk5e
509,Night Without Stars,5og1HzVWctdhPEGBa53sgf
510,Dr. Ford,5hTfEd3FCA4BuiQhN2tYCH
511,"Murder Train - From ""How I Met Your Mother: Season 3""",1QvpsbjYAVVFvFrWVC0qnQ
512,Disability,1s3h6DgnSTO8256gYkADf4
513,Kills You Slowly - Sick Individuals Remix,4l9yx16yycS4h3SaneVn8i
514,Challa,6wXPV6dNRAhFavrRaCdMXT
515,This City Remix (feat. Kane Brown),3H3r2nKWa3Yk5gt8xgmsEt
516,This City - Acoustic,3H3r2nKWa3Yk5gt8xgmsEt
517,Helplessly,1pvGWSvIXr8PTk8nC4SnXK
518,Us,3iwyrwCSsi96c4WgTeM06i
519,Strip That Down,4Ro98RCK90oHqqSZUnTFq5
520,No Love,08Isz2ETWSBhvIl8UpKYsp
521,"Tere Vaaste (From ""Zara Hatke Zara Bachke"")",46hzNOUOAlivuCZZ0wE3zi
522,Deva Deva,0IGXY47K2ha3AHfX57wY1O
523,"Phir Aur Kya Chahiye (From ""Zara Hatke Zara Bachke"")",5QW9K4A1gMnIi94YUxtsfM
524,Kesariya,26QKnh2Pq4etlbtc9xUZEE
525,Jhoome Jo Pathaan,6FAYpZ4jve8vpvTwUvjK6H
526,"Baby Tujhe Paap Lagega (From ""Zara Hatke Zara Bachke"")",0Jr0Uzj4tDf6E44AOAXwrG
527,Bairiya,33P9R5W3TYnG7ewAZHQvMS
528,"Ghungroo (From ""War"")",1Ef0TmgS1QrVO6tKHrMMmH
529,Zinda Dili 2.0,5RPa4SX7owbixtbigFPcJZ
530,"Saware (From ""Phantom"")",1juJ3mwsFerctbngtK42G4
531,Dum Dum,788Lp6lHrCrxJAZvS2l9YZ
532,Shayad X Samjhawan - Lofi Flip,6qSNgCUyjfThWCLkFlvEIe
533,"Pasoori Nu (From ""Satyaprem Ki Katha"")",6byRW2mzuc4nBTZ6TN6APu
534,P PAA K,0qvoxfYodIfe14gaidhnsV
535,"Jimikki Song (From ""Varisu"")",7fRIo7WyDxXn3r233GCcdL
536,"Mast Magan (From ""2 States"")",3uL1IBFhg52VcQqOwAG01E
537,Jugnu,2NTVtNcpC0i1R7LVGaCZCF
538,Kudukku,3QRSs8nzHXXvcQjdnx0CsJ
539,Leaving Hogwarts,15yScQGLH5QOuXm9XbhnPb
540,The Streets of Whiterun,18CctEeOpjEDIAvWM5S7RE
541,The Last War,0G8UYZZWp4VsieywyyNJNg
542,Old Friends,0nrWZWkJM62ftQJSI8fDc0
543,World of Bioluminescence,2TgdrDV65cqcHiMpY59xEM
544,Stay and Fight,3fKH2Dri5iM2wWY4NpBOeS
545,From Past to Present,0zke8Vmo0bgbPjxL3pUhqk
546,"Daisy, Daisy",3rO4H57XVaVvihdUV2kt4n
547,Real World Consequences,2aknn6Um4R3ys99Wsd5DZE
548,Family Affairs - Extended,3aw9iWUQ3VrPQltgwvN9Xu
549,Blood of the Dragon,0Y7n1RE7g1kkPc6CQCdfuO
550,Abduction,5QGmfCxuuBr8JwZrdd6aGu
551,I Choose Violence (Bonus Track),7psStIuWZuKtc64f2ZClL0
552,Khaleesi,1fZoZFO0SLSCKgYG7eSOhk
553,Outside the Gates,4YX9swUzNglqHApHtWn1ez
554,The Broadcast,6jIfIorSDayW4OWsL7oDYy
555,Destiny of a Jedi,0DWvP0ZwONh08dkcJTdLk2
556,"Stuff We Did (From ""Up"")",12gTbPvAAMJqF0ZFgipRSt
557,Taunting The Cat,0dnLy6NEVRJ4iDYrKCLjVl
558,The Erumpent,6x4tKaOzfNJpEJHySoiJcs
559,In the Cells,6cCF5qDyyxKTigCJOzHYU5
560,Wilson s Bird-of-Paradise,1Yc7sAzgfRGPXU17TM0GoD
561,Becoming Whole Again,16MJqq0vEuW6GRX6faetTm
562,A Brief History of Time,13VdO4PnTT2ypqQSXTHSLj
563,Maurice Accuses Gaston,05HWH6QVibunuAWyFhFzTS
564,Winter Has Come,4Idmj8R6EpEmAJ3YMP3Lut
565,A Whole New World,5viFjDGTnrApmUY5c8qkfw
566,The Spark,5CYJB5Md92kvcrZ4lJDALY
567,"Tumhe Kitna Pyaar Karte (From ""Bawaal"")",03hJuEQpEQERrHpjcXKWzJ
568,Pyaar Hota Kayi Baar Hai,2vPrBucKCfKmafHhSfJ2pt
569,Jaadui,5iydgkuP2lJFDT9CgyY26x
570,Maine Pi Rakhi Hai,3rQDMaRia4W2M0Fliv9J4I
571,O Bedardeya,0czcoKJbJt08NqKrvSbbz7
572,Jee Karda - Title Track,2sjSJEYve7cJnJmZyOnW8n
573,Show Me The Thumka,1t39FBb0zsKv5krZaqZKCB
574,Thug Le,1opxtm6zIv7IF19S0eCtvV
575,Chal Bombay,6AooRgSRDzbCYL4NZ4RCjU
576,03:59:00,4noL2Yl8FASn18NLAXLl1P
577,Satya,1xSCr5uIndaHKFdO4s2V6B
578,Kohinoor,6SNFuJXjkgauo3Kg9XJcj6
579,Kaam 25 - Sacred Games,0FIXCQVapC8mPzb88Da5Su
580,Level Up,40VqYKBAJP901tpuq6WMt7
581,Punya Paap,3zIhQR5cyxpVn8WpEivBCr
582,Baazigar,1T44wPr7LUlBY4vX6LlygG
583,"Tum Jo Aaye (From ""Once Upon A Time In Mumbaai"")",4Ftlq5D5qLItzxFFHh0pSt
584,Man I Am (From Barbie The Album),28NzgzNmoHRsFKihGxpmmV
585,positions,35mvY5S1H3J2QZyna3TFe0
586,Watermelon Sugar,6NvotZY0HWKaV4MWRlJQt6
587,Intentions,6VkmdRz8YgHFQV3ZNTJAWU
588,Shanti,54OBgO0Xwu20Jak9TMXbR7
589,Aahun Aahun,1CIv5KTqFpmCgqj4Mke2bh
590,Ok Jaanu Title Track,7a77VY7mjvK6EiaBeOosmk
591,Lily's Theme,3Ra4rkq1ExwPXwrPQeHBWg
592,You've Got a Friend in Me,2stkLJ0JNcXkIRDNF3ld6c
593,Starlings,4nIC7MaMsYRBhDPWMy7d5D
594,Professor Umbridge,5XbDL9Otyn3C9vAY3awneT
595,Starry Night,7uexhg3sdpy06utXeIe30G
596,"Married Life (From ""Up"")",0oE6A9bCTnQsT5lXFJxVzb
597,Jenny of Oldstones,1u0THw5xaGd7sYzJEh48Lt
598,Death in the Darkness,6DjmA2skPpPhh5uRdUJfy8
599,Dragon-Sickness,5fDSSojNJ2EUQmMQCbUclT
600,Purity of Heart,4Bxci9sdUMAxx9EaHcbBTi
601,Fight Night (Bonus Track),0LbuLWD6WeJIQc93zhKi2p
602,Can You Feel the Love Tonight,1zSKtBze2IReYU44W0lDzd
603,Not Good,19JkMAn06rflrcwkLa8SFH
604,Escaping the Basement,3gQ5dJgLXy2vMY61PPKEIV
605,I Need You by My Side (Bonus Track),2lNTp6b8Yy0MH2QmfvbnsB
606,Waste It On Me,5LL57U9xAYhM8dVP8b6bEc
607,I Found A Girl,7I8EGPtqTwlC0UlCAkpYtP
608,"Saanjha (From ""Zara Hatke Zara Bachke"")",5INSQI3su3J0b2H6VKoiNB
609,"Rangisari (From ""Jugjugg Jeeyo"")",0DXfJ2iKRDEG7rPgssWFea
610,Pehla Pyaar,0ojpEubhy4JNeVftmVuiN7
611,Kesariya - Lofi Flip,7nsjBUVRQTUEvCReXAtVPi
612,Liggi,7tbzfR8ZvZzJEzy6v0d6el
613,Bombay to Punjab,1xoQjCAP6a63tZXbsMziXk
614,Bas Kya Ba,22E10GNgQbuGzAC9vAMgo9
615,GRIND,4rjLb3hjEGpvmSejVDiu8c
616,Don't Forgive Me,5J3qCUclRF7NnIgA6VzNiZ
617,No Competition,1TRgZ55GFCKSbrTb62rmra
618,Sheikh Chilli,6PKNPLFj5oE9eS7Og84993
619,Khatam Hue Waande,3LlEnO0INKAExVe4JMi7p7
620,The Call of Destiny / Titles,4M9ORGS183Vdl1BlEZgjPT
621,Tang Mujhko,4mjX6eCoT4aXfDwNj4eDSh
622,"What Jhumka ? (From ""Rocky Aur Rani Kii Prem Kahaani"")",7iekl4P95GuphG8x8a3cNT
623,"Dhindhora Baje Re (From ""Rocky Aur Rani Kii Prem Kahaani"")",5kQrjdDGU9Pf6PMN4rN7Pc
624,"Ve Kamleya (From ""Rocky Aur Rani Kii Prem Kahaani"")",6EivvaEepVTjmDde43eGiB
625,Na Ja,32LKwbmh6yVsWoRRF8DIvf
626,One Side,1QEVs41uQSdW3KcB2RtDDW
627,"Kesariya (From ""Brahmastra"")",6VBhH7CyP56BXjp8VsDFPZ
628,Mahiye Jinna Sohna,2ncqKdTj6dz7tWoTMMrAtq
629,Bijli,22ZGyGtCY2pDXjKuWTg5eS
630,"Kyaa Baat Haii 2.0 (From ""Govinda Naam Mera"")",3SxOgJihDKlbZ9C1OvLgNs
631,"Mere Sawaal Ka (From ""Shehzada"")",6ZLgnkQNj1CJldLocXd5Ul
632,Tu Hai Ki Nahi,4brSaQIT3bnnE41D042fgL
633,Mora Piya,38clTgmvLjwvPFgSTHIGXK
634,Aas Paas Khuda,3kuxr8U3QynLzyW82p5hYR
635,Bheegi Si Bhaagi Si,665b3Nss3OQmhTUdB5hBXw
636,Lo Aayi Barsaat,3YLgvuHhHlfEAIR5JSPOZM
637,Mallaah,3xCUBUfAuKoKtxKEttRtii
638,"Ram Siya Ram (From ""Adipurush"")",7yLIyyt2BrKXuxss9FBBDb
639,Tu Meri Roja,2preNplrVfE9b0fRtY3RhV
640,"Jai Shri Ram (From ""Adipurush"")",7yLIyyt2BrKXuxss9FBBDb
641,Heer Ranjha,4lmtILzOIIvOzMBPMUzvKx
642,"Zinda Banda (From ""Jawan"")",4tzx5af2qpwgyjG6JQGthj
643,"Bulleya Reprise (From ""Sultan"")",6xIhjZX1ZtFIXg1IDa3DAi
644,Pappi Jhappi,5tMipBSvSMeppvepjQnbex
645,"Khamoshiyan (From ""Khamoshiyan"")",6zCQF5tu7HVwU9shhKqiuF
646,Awaargi,2YevgojIN3UouxDM5JjzE0
647,Ghoomey - Trending Version,62CJgj3UJyhLjYDxkdd2TN
648,Mere Ghar Ram Aaye Hain,4afA2YQlZfYzJbfnNoNknK
649,"Gujju Pataka (From ""Satyaprem Ki Katha"")",5o7MNE22fQiaVZqHADgrcj
650,Sajde,7kiZ6Zf66oX6yMovt3gC1a
651,Moon Rise,3oWv5qDKYN7MH6FdlglMN5
652,"Sun Zara (From ""Cirkus"")",6lBUJpovAhtc7WqhDNiLtX
653,One Two Three Four (Get On The Dance Floor),3XyFQxpSlGowWpZkIn3ISA
654,Pinky,70e69kyMF2tp8TMdh6rDLh
655,"Paan Dukaniya (From ""Bholaa"")",4UHYaOrmFDWcpAAUPVJ5vM
656,Laapata,3G2I8KB7bTWmvE1tHSlMHg
657,jaana,5v5G6frYHlwf6YkhR0cYQN
658,"Agar Tum Saath Ho (From ""Tamasha"")",3hkC9EHFZNQPXrtl8WPHnX
659,Stereo Hearts (feat. Adam Levine),0qOnSQQF0yzuPWsXrQ9paz
660,Night Changes,5O2P9iiztwhomNh8xkR9lJ
661,"Naseeb Se (From ""Satyaprem Ki Katha"")",3dpM3ijJz0vGzbkh5DcMXz
662,Tu Mile Dil Khile,196ogNnKrNuqC7EjNI2vE1
663,Piya Re,2q3D4sdAMJSJRS9t6oaBRo
664,Lat Lag Gayee,5XsoDbDt98b0FkFLOhsJuS
665,Paisa Hai Toh,5kwldaZvtbiTmRYsmlyxAN
666,Judaai,4hsBw5elQICeVK5VDtutg1
667,Wahi Toh Khuda Hai,0c8eAkUFDMCgJB53lplqJv
668,Soch Na Sake,6mTvwBzWTGDOVeCNQEqtOE
669,Sanam Re Lofi Mix,5pQKw3G1F599Aah4ZpqC5L
670,"Saath Hum Rahein - From ""Drishyam 2""",6N9AQIMDBb52r5aAWL8ttD
671,Luv Letter,39u5bn12M7xAvM4LMA75NT
672,Pani Da Rang - Male Vocals,4kaLkst9lT3sQ5Crgxs3ic
673,Hawayein,6871FKHumiy1Wfr6vF7Xxt
674,Javeda Zindagi-Tose Naina Lage,04FnSzoogJD1iQbghug23K
675,Wild Heart,7pK4jm4HiNaYVzL2zbQSoG
676,Bulleya - Reprise,32gpzmmOw5T7BSb5Wwhe2H
677,Dooriyan,2Xv0vK2VujSX05LGQbDxNd
678,Voodoo (with J Balvin & Tainy),4OUAXw3SXI7bUiNtKC7ErW
679,In Da Getto,1q0PYXTbDsirp2l74ng6pn
680,Tabahi,3BApUOeS8cihFTyoMKQTVk
681,Chamkeela Chehra,7Kj2LjwzJFygTn24TFulwK
682,Oh Na Na,69PqVX29aZhDGFlG2SKxFy
683,"Alone, Pt. II",0bMbDctzMmTyK2j74j3nF3
684,"Har Funn Maula (From ""Koi Jaane Na"")",3ayMReTwLoo6jAg7adDqyz
685,Billo Rani,4NtaQSiRgkQ2Af8GSW0B0t
686,"Kabhi Kabhi Aditi (From ""Jaane Tu... Ya Jaane Na"")",3APdIdF8H0jsxSuGOqXedS
687,Desi Girl,3Qpk2qHree1RTH5lZaKnEK
688,Tera Hone Laga Hoon,0dLbrlAVPPjpPqnYfmJsWk
689,Malang Sajna,73K33p4Vyz9koXGqmL5eFs
690,Taal Se Taal - Western Version,5zjFsuLrTM5sp6coribhCa
691,Dil Diyan Gallan,5MnAi6ZF7cE8pAz7wYr9Ta
692,Heeriye (feat. Arijit Singh),5PUXKVVVQ74C3gl5vKy9Li
693,Buttabomma - Telugu,0dnDTvdUco2UbaBjUtPxNS
694,"Psycho Saiyaan (From ""Saaho"")",3ZjMdVOWxQ53FKrmkgCv95
695,Phir Se Ud Chala,1kcV2LJxt5v0s2cEGtEJ5i
696,"Illegal Weapon 2.0 (From ""Street Dancer 3D"")",5fXslGZPI5Cco6PKHzlSL3
697,"Iktara (From ""Wake Up Sid"")",0bmp0lE3ArELHqda9PBMVG
698,Who Do You Love,2fVHrSxsQbJUuj9MW9zG1e
699,Dusk Till Dawn (feat. Sia) - Radio Edit,3e7sxremeOE3wTySiOhGiP
700,"Bolna (From ""Kapoor & Sons (Since 1921)"")",3GrCQPpKqKzOcKfMAoqn82
701,Alizeh,3w9EgtkQgMTrlSwuQEFdR0
702,"Chahun Main Ya Naa (From ""Aashiqui 2"")",6UgcN95w7vQxkR8sEFmwHG
703,Udhi Udhi Ittefaq Se,5QFkLOQWncCb85idVLzamS
704,Love Mashup 2015 (By DJ Chetas),7p5uzwVPw0XJmtZSmrsQ8P
705,Tu Hi Hai,5b9x5sRIzAgXQw0dhGORO1
706,Jeena Jeena,2GXXZFUxYg2LvG8SR0byOE
707,Baarish Lete Aana,6Oq4lIhSSYdA6WuXU9sPeG
708,Jaise Mera Tu,7G7ulwd8y8UDjzSfiu3H6y
709,"Samjhawan (Unplugged by Alia Bhatt) [From ""Humpty Sharma Ki Dulhania",3TrdGeV5bEpHezExHlsguD
710,Ek Ladki Ko Dekha Toh Aisa Laga - Title Track,3IOgP2PSCTdoAID7VmMGEh
711,BIBA,4IQqOlTZpfjnSTOArpZX5j
712,Thode Kam Ajnabi,7HmTqgMzNWbK0uijkyrblm
713,Tum Ho,7uNnlVit5qDvfOje0pqICF
714,Bol Do Na Zara,5fc7q3km3L1pQDKbgGspKZ
715,Tera Hone Laga Hoon - DJ Suketu Remix,7e9TCSzbkROiB7nJxlpwt7
716,Kaun Tujhe (Armaan Malik Version),5T2ZZiBMDGh3TZDUbxg4rV
717,Khaana Khaake,4KABShjsbFfRhnWtE1SBRv
718,Tumse Hi Tumse,6qNyL8lZuqFmy9ginJRQOZ
719,"Dilliwaali Girlfriend (From ""Yeh Jawaani Hai Deewani"")",3W1XPf7mvuQcWQB7U7MbTM
720,Jhumritalaiyya,7p9Gp8xvXI1oiXEvPBYMy1
721,"Voodoo (with J Balvin, Tainy & Lil Baby)",0RoI7Why34Duj8Qmv0W2wv
722,Paani Paani - Trap Mix,6OPUWcFk282ouTj2cdswCr
723,Bach Ke Rehna (Red Notice),5Z2KggJX9aWn7CCQIxYMpp
724,"Koka (From ""Khandaani Shafakhana"")",4H2wyTfSobQHsVnt2JYPMf
725,"Sawan Mein Lag Gayi Aag (From ""Ginny Weds Sunny"")",6oloWgrErtc8dG2WiV55gn
726,Paagal,4CIKnagmbnOc5pIkzzOUss
727,"Akh Lad Jaave (From ""Loveyatri"")",5SVpD60u9vjoQ2OeoKsTkb
728,"Sheher Ki Ladki (From ""Khandaani Shafakhana"")",24d3IPklAxzBJB2nuWeSpg
729,Har Ghoont Mein Swag,3ayMReTwLoo6jAg7adDqyz
730,Genda Phool (feat. Payal Dev),0gzu5mm36VJH2Zqu8sQPTf
731,Bad Boy X Bad Girl (feat. Nikhita Gandhi),6LvHrLiW1z8PS7MIAiufKg
732,"Garmi (From ""Street Dancer 3D"") (feat. Varun Dhawan)",6q9XTgfWilsnyiFofvYrIF
733,Dj Waley Babu (feat. Aastha Gill),2SRv30X7NoYRZB62dX0UzH
734,Baadshah O Baadshah,57V7Fo4iocHEMJcf7Upt0M
735,Tamma Tamma Again,5sqPE9h98DkO5ms20NUiUg
736,"Gerua (From ""Dilwale"")",2VTUr7TWzOnBig59RYdCsC
737,Enna Sona,6bdpj89aYEBjhpsenXAsmO
738,Hasi - Male Version,32765xcLM1fd6wQIpkN9A0
739,Heartless (feat. Aastha Gill),5GoZcfJqSpkNLgKQqbkUxL
740,"Tere Hawaale (From ""Laal Singh Chaddha"")",4blqlsA1uf2d2I40E90EUC
741,Jannatein Kahan,62wnQra2VgCUyHO3BUIAcr
742,Bana Sharabi,2T1K8XIPSIcvXueBS6kw2L
743,Bairiya - Trending Version,33P9R5W3TYnG7ewAZHQvMS
744,Deewani,1pDvtLmrjzr5FSQItRLWxA
745,Mercy,08HK0EmxSYmmxa0mYP0AjE
746,All Night,3AzjcOeAmA57TIOr9zF1ZW
747,Tum Se Hi,0pDiRD9YE6PZBBgjMyezvk
748,Hoor,5Htnf9xBPQvqoKuKQSInFf
749,Kuch Aisa,0WPzvLw03xo5swmmgYn2ia
750,Love Is A Waste Of Time,0q8g9felKNWRG6lBxQ7FX6
751,Aayat,16R1Fq1nFxm9DJyzBzKjQk
752,"Tu Har Lamha (From ""Khamoshiyan"")",2EPOgSRhA90xWGVtNZwEv8
753,"Humsafar (From ""Badrinath Ki Dulhania"")",6TFESXMfJJWwccviaxGAMa
754,"Chaleya (From ""Jawan"")",4nc6XiUze2Yh7wFueGOPv7
755,"Deva Deva (From ""Brahmastra"")",0IGXY47K2ha3AHfX57wY1O
756,Pal,5G7pZ8G8NFvS1MQ9H4L7dC
757,Tera Yaar Hoon Main,4ZTx87kAgEwlPMzoojFZWg
758,Khairiyat,5O932cZmzOZGOGZz9RHx20
759,"Shayad (From ""Love Aaj Kal"")",3WXvr6rwl4I8U3ancJ08Yy
760,Aabaad Barbaad,0hFUtSsV2itYEUTZGj6w5H
761,"Tujhe Kitna Chahne Lage (From ""Kabir Singh"")",2Fv2injs4qAm8mJBGaxVKU
762,Tera Fitoor,1YMLgvsQdE27r30q0fsLeV
763,Tu Har Lamha,2EPOgSRhA90xWGVtNZwEv8
764,Janam Janam,4km0RUkMMFdx8iDuq36o2w
765,Tere Ho Ke Rahenge,7FWL8uDrqC4zQeiOhCijHH
766,Humdard,1OEmd2iXU8pWG7CrKNpGUg
767,Main Dhoondne Ko Zamaane Mein,0YuehOPSZpC2fZ3Lg1dq2c
768,Samjhawan,4LO5DjN6Tp3UkUvgESuy2t
769,"Hum Nashe Mein Toh Nahin (From ""Bhool Bhulaiyaa 2"")",6XZWokIxs4leaSmXmU8b26
770,bad guy,3yNZ5r3LKfdmjoS3gkhUCT
771,At My Best (feat. Hailee Steinfeld),77lGafvlU68CeHgB2pkHC9
772,Never Be the Same,4eWQlBRaTjPPUlzacqEeoQ
773,Let You Go,7GGgftep0Q8TZzL07qhPbc
774,Crying in the Club,1SJtlNRJDeYHioymcvsqev
775,End Of The Road,3qs5ZmpfKWE2ePc0yuPhVX
776,Beautiful (feat. Camila Cabello),4VUwkH455At9kENOfzTqmF
777,Go For Broke (feat. James Arthur),7w1JDEjmXYw2DwllK1EwCg
778,Shoot 'Em Down (feat. Blackbear),41ub643RIi3xgsT82ttwIt
779,No More Sad Songs (feat. Machine Gun Kelly),0U372D2pbraSnrTFxSYlNj
780,Issues,7vu0JkJh0ldukEYbTVcqd0
781,OMG (feat. Quavo),4xBjsLUSjcx2h7PcRikpQp
782,Starving,4Ce37cRWvM1vIGGynKcs22
783,Slow Hands,2cOUlop2ZakjOKe4WinesN
784,One Call Away,37R0bQOQj5a7DOqh1TGzvB
785,You Don't Own Me (feat. G-Eazy),6KI1ZpZWYAJLvmVhCJz65G
786,Hell & Back (Remix) [feat. Machine Gun Kelly],2oQ7BMTdgpDl2SGXmap92X
787,Broken In All The Right Places,0v75RWRTCd2eSmBnA5rBy6
788,Strangers,54gJMaCWxUiFwWLgypYioc
789,I'LL BE DAMNED,2UE2rURHGOCFu7gNCovm8O
790,Movie Star ft. MOD SUN & Global Dan (#kzn & TeddyLoid Remix),70nbcvTmiZ2O8sWufyRswu
791,Timebomb (feat. MOD SUN),4kAsc2vx4NBqk9dXn1nrZC
792,Annoying,2LZJZ9JwqXjvrOiwjnIGSv
793,Desperado,0OsuHhPPArdFzJGuIAacnN
794,Phir Aur Kya Chahiye Chill Flip,5QW9K4A1gMnIi94YUxtsfM
795,Heeriye Slowed + Reverb (feat. Arijit Singh),01IV93cDnXon3gFQ3bRe7s
796,"Hukum (From ""Rajini The Jailer"")",6QRPV2rgnmOTZAvzJLDStt
797,Mainaru Vetti Katti,1hSbtbX2cVbSyBVqoYHjSj
798,"Haareya (From ""Meri Pyaari Bindu "")",1VvGJIAjhGdB7InVP9NA7V
799,Chandni,15aFp4GkPuHOhRBeHgU2ix
800,"Sun Sajni (From ""Satyaprem Ki Katha"")",2Jz8ughkZa9o2rHhNq8hOw
801,What Jhumka - Remix,7wzf6crFOsozM35jOAEg7R
802,Jimikki Ponnu,7fRIo7WyDxXn3r233GCcdL
803,"Adiyaathi - From ""Paramporul""",0sXGEJoOeNhzpMBKYKtDoO
804,Phir Aur Kya Chahiye Trap Mix,5QW9K4A1gMnIi94YUxtsfM
805,Kasam Se,53XRfIgocnwDCIkpCEyqbU
806,Jiya,21Af1fetSINZpmAS3si8DW
807,"Tatta Tattara - From ""Sesham Mike-il Fathima""",39HHeTbB8Ju39wGejAareX
808,Raat Baaki,0NscD5nva579nxFgKKvOAQ
809,Kyun,5FsqQpWVPzhDfnyNqU2Og7
810,Zihaal e Miskin,51DEaelXeJJ6cFFYbX8Hal
811,Vellake - Lofi Flip,2cDyQDAoP0cPQXzaviXu2f
812,Bae - Rendition,7lQ7LTZVgHUXOWwVyqcKs9
813,"Manwa Laage (From ""Happy New Year"")",3H43T5swYywvcdCBFiDgW6
814,Roz Roz,6E6BCsQHXDAdXsrL7zV71N
815,"Ghar Nahi Jaana (From ""Gumraah"")",5hiibl24CH9dPOLPocxyqs
816,Thunder Kaaran (Promo Song),6IW2h943QEp3wlQ9OMzqBf
817,Dilawara,1C6auFaK08OhOTJ8bfrAiG
818,"Saure Ghar (From ""Yaariyan 2"")",6HygOrpoVjDPqrOBi4fPpR
819,Dilawara - Acoustic,1C6auFaK08OhOTJ8bfrAiG
820,Jannat,62wnQra2VgCUyHO3BUIAcr
821,"Le Aaunga (From ""Satyaprem Ki Katha"")",2cz4qH4fCauVA93JHkUMad
822,"Rait Zara Si (From ""Atrangi Re"")",4uK0M8AI6gyFmyzUneQpbi
823,Sapna Jahan,6uQkoo1UGWThtEpNEYc6Ga
824,"Humdard (From ""Ek Villain"")",1OEmd2iXU8pWG7CrKNpGUg
825,Hamari Adhuri Kahani (Title Track),2hykXvjXceH1wGiJErDJjj
826,forget me too (feat. Halsey),1VSuFS7PahCN3SWbOcQ98m
827,maybe (feat. Bring Me The Horizon),25wdC7CJmCJPgnKw9rYquJ
828,my ex's best friend (with blackbear),7kDUspsoYfLkWnZR7qwHZl
829,RAP DEVIL,63TyoT9Ee03rQxv8xmdJ2l
830,Not Alike (feat. Royce Da 5'9),28FGV3ORH14MYORd7s5dlU
831,Kamikaze,4PWvzElhZYlEXP5Fix4oDD
832,This Is Me - Piano Arrangement,5w3VP9P95PHFza8cBFXHrl
833,Change,6kFDvPj3FVpQ90HZ5PacxE
834,"Head Over Heels - Dave Bascombe 7"" N.Mix",5lwQGZYF4BXOzFtXc5zk8q
835,Fall,61kDVPSrb8rYtRx3wDSWNM
836,Lush Life,1rIKgCH4H52lrvDcz50hS8
837,What Do You Mean?,3kaBZ1l29ORxuB7pG2eRrv
838,Hymn for the Weekend,3RiPr603aXAoi4GHyXx0uy
839,On The Floor,3C0nOe05EIt1390bVABLyN
840,Blank Space,45wMBGri1PORPjM9PwFfrS
841,Shape of You,2NHSYwGkAvPHzCinY0KwXo
842,Bad Liar,2RSHsoi04658QL5xgQVov3
843,Animals,0A9mHc7oYUoCECqByV8cQR
844,Wildest Dreams,5IUP91X8fKfJnWQgCHT9dN
845,Despacito,50sDAJ1OV0vDfQP91RrAT7
846,Time of Our Lives,1OPLF48hCfqeEjlFP3e8xX
847,La La La (Brazil 2014) (feat. Carlinhos Brown),2A17TySL9lcoRTA28w9yfB
848,We Are One (Ole Ola) [The Official 2014 FIFA World Cup Song] (feat. Jennifer Lopez & Claudia Leitte),1PCvKFPWnTXAe2oaReVUcr
849,Radha,5yYgGkyYJmmSwRp3caFplJ
850,Aata Majhi Satakli,7Go5unxYBw3RT5XoFGUatF
851,Titli,29OkM2YEDgdFjurWQ3NXXl
852,Tera Rastaa Chhodoon Na,7cLGKaJXLFpUU7Up34vVr1
853,Kashmir Main Tu Kanyakumari,5orNEFkFG4RP24goF02AuD
854,Ready Steady Po,5j957NAsZwHoZfH0nLbmp0
855,Khuda Jaane,0gPgdRfB4jdGrlyXS0Vx78
856,"Not Ramaiya Vastavaiya (From ""Jawan"")",0bq1DsWLC4glKh9etnmalg
857,Kaavaalaa,3M9G4jJAgDLB9ycinua8Wo
858,Always a Catch,7rSkwcUchBbFrc40XyYD5i
859,Mother's Mercy,3u57uvhXTdNTny9uLugVNd
860,The Story of Grandmere - Instrumental,6w1SU4cj1wWiIRhxTyynSz
861,I See the Light,6klpXs2uAjagnZMFkt4qkl
862,Heir to the Throne,14vZfdBu1n4EDWSEjIuSZU
863,When You Wish Upon A Star,1WrPa4lrIddctGWAIYYfP9
864,Motion Picture Soundtrack,7H3mfOvtPNA8YDF3EdKy0L
865,Field Trip,3X6tfUpqmKzC8EpLVPBXxq
866,Rewrite the Stars,7FlHNJT4TC120CDvFOHzei
867,The Night's Watch,3D4RBo0vXHaICoGmKnc0dk
868,"Waiting for the Lights - From ""Tangled""/Score",0OAnOHYJxsMtMTZ6vf14xh
869,Divenire,6KpO4neDXxGdiEgsivZieY
870,Dragonborn,2gaZJDgE71VL9PzzUUlpMg
871,Hear Me Roar,11GUG8eWXpE2VUsus7sDA5
872,Wolves Attack Belle,6vbNj1Lsl6NHE0XQYECLvb
873,"Becoming one of ""The People"" Becoming one with Neytiri",1UBd7aWHZCz8yirI9KCvAU
874,Somewhere Over the Rainbow,4yDjzVhXig9tfO7Zv46FE8
875,Life In the Canopy,6AARTsNeUDGPViV03fozsw
876,Morning After,6mmtxbG5pzkrJ0BrSdg9uW
877,Faraatta,3qxLYSU1s5pqk8rz6dJNVi
878,"Boomi Enna Suthudhe (From ""Ethir Neechal"")",1LFTKTSfPQRM3a8mOvNtnE
879,"Ethir Neechal (From ""Ethir Neechal"")",1LFTKTSfPQRM3a8mOvNtnE
880,"Shoot the Kuruvi - From ""Jil Jung Juk""",79Xx6GiPfwG3AjdtzGTSXt
881,Nain Na Jodeen,3ioC5rn1DWSsACtlVIagAT
882,"Ro Lain De (From ""Rocky Aur Rani Kii Prem Kahaani"")",5kYdV5br66oXWOjJiaIIJl
883,Pardesi Pardesi,5B6evl3Hkul1JNJS6iMNXN
884,Channa Mereya - Instrumental,0xHvmWCpz9Pnn1sDvRehAs
885,Duniyaa,14cceH4q4ME5ywqe2DbFGs
886,Kabhi Kabhi Aditi,3APdIdF8H0jsxSuGOqXedS
887,Love Dose,1QZRCi2Z1DQQaR6bGAzhtN
888,OOPS,1iOQmZULzzkDN1hQZNoDii
889,Mann Mera,7w6bYl1RBDt8xxi1KU93YG
890,Mitti Di Khushboo,7tp4iYvcZksGp1u7feUrrO
891,"Janiye (from the Netflix Film ""Chor Nikal Ke Bhaga"")",0645eBDehHcqfiF15hscQV
892,Sacchi Mohabbat,790D3Jf8ZxfcCWkcITtkUP
893,09:45:00,0vwPDYYWL1B4lY82d05GOO
894,"Baatein Ye Kabhi Na (From ""Khamoshiyan"") - Male",0PxMHdQ6bSz9q0eJj3kJzb
895,Call Me Maybe,4JBq3qXENHuALUXBGt1ey7
896,Chaleya,4nc6XiUze2Yh7wFueGOPv7
897,Dildaara (Stand By Me),6ZoCBDOB308GqUdt2AJrV2
898,Main Bola Hey!,0PKEQjnGn0LmPjozJ3t4MF
899,FRIENDS,7iNIg7XDEaYECfWD5dJ9Va
900,Better,6T2Y4VKTnLGYPtv4Fs64BK
901,1-800-273-8255,0BNb3awaI22t5ICTYJxkdE
902,Shirt Da Button,4rA4v7povU8MXhZXOB6DcP
903,KTMBK,1XmoGNf6OVs6N251UejkbN
904,O Re Piya,7cWnks0lsRtpAi87COOiXK
905,Dil Dooba,6cUaCs1lKfDOyFKMkBF8ch
906,Not Ramaiya Vastavaiya,0bq1DsWLC4glKh9etnmalg
907,Ram Ram,64jX14ntYSUd1lbzVgBMr6
908,Mashooka,78iOfBb1DWPhKzihpDGZf5
909,Let Her Go,1nHKI4L5pWrN5CUvW07nHP
910,Patakha Guddi,7jpmNt5iCtSdXuT1xEGp8O
911,Work,6pdgiJ7GXRsf3PWVQv13IA
912,Badri Ki Dulhania (Title Track),2xbvLQBFW7E9232BwMBljb
913,"Ajab Si (From ""Om Shanti Om"")",5FXMRdJjKq1BIX4e8Eg9mK
914,Chicken Bone,6NZXFHDrii1rd83JyUWXtA
915,Stargazing,0Zbbxnx4SGGHoIow4PpISP
916,The Avengers,5SXsXjVJCWeJuf7FHvgBYR
917,What Makes You Beautiful,4cluDES4hQEUhmXj6TXkSo
918,"He\'s a Pirate - From ""Pirates of the Caribbean: The Curse Of the Black Pearl""/Score",1a4k2osHzhVwhvgINJERyN
919,Chor Bazaari,4gqHEia13bp5EFWGitiKWx
920,Boomshakalaka - Dimitri Vegas & Like Mike vs. Afro Bros Radio Mix,5ijp0ctfwwkmkR6hWDQnwn
921,Say My Name,7eUIpi8l6OcUZSyc7nXvDd
922,Con Calma,5w9c2J52mkdntKOmRLeM2m
923,Befikra,06wTXKpDMrSp5OfB7MErpx
924,Sajna Ji Vaari Vaari,66wEHvHkE7iz73PEob4Y98
925,"Halka Halka (From ""Fanney Khan"")",44O26Gv1wQrlUj14PpTolM
926,"Aaja Baija Tu (from ""Brand Bollywood Downunder"")",7n2su2GYTS1jNLSWtJ9sKp
927,"Sajna, Say Yes To The Dress",0eiX2zTStU6Cz4hjUWnUa1
928,Raat Bhar,3ctaMit7CuiHIPVYrRvm15
929,Lafzon Mein - Reprise,4bR9k6nzVdi7o7DEa082T4
930,Jaane Kyun,6M2UnI1LnXuXlWU54CKmKx
931,Lagdi Lahore Di,5I2wbDvSI98HLVB42YO9sU
932,Khwab Dekhe Sexy Lady,7GE3LwWzboPaTN0TlDcPs1
933,Aao Milo Chalo,6ocOeSjnWPcSTaSsi0zIdY
934,Twist,3VuzxS5mcJv7CfglBQCW32
935,Ucha Lamba Kad,2hyYqX8IVVxFEFIUf0zZam
936,"Mauja Hi Mauja (From ""Jab We Met"")",2iXVckhPy7tP0wV9DvlrjZ
937,Why This Kolaveri Di? - The Tigerstyle Bhangra Mix,2VGs7EmaIxq96Wcog6DQOc
938,Why This Kolaveri Di? - The Soup of Love,5AjYjRsiIPAKjRP182ocKB
939,Dilbar,3guNmy1Hk82Kssjzui0hiL
940,I'm Good (Blue),4uUG5RXrOk84mYEfFvj3cK
941,Balenciaga,3CIJfz69MiGtRfQdlaEk3U
942,Dillagi,4faUCG0CdNgMx0NkMMseOl
943,Gone Girl,2Sjx8DWZO5zaTyTAmgo2gY
944,All The Boys,09mqylqFZIQprBxExnZ5Xr
945,Heartbreak Anniversary,3FAJ6O0NOHQV8Mc5Ri6ENp
946,Finding the Records,6qLJefCFvhoy1jFETtVO5D
947,The Biggest Fire the North Has Ever Seen,188nj6QbPSoKMUYdTYuzvp
948,Ancient Stones,2gEAHKw83WHPD875YqDHH2
949,Life and Laughter,2CenFAEiOrn1ZOPbgL4mBi
950,The Theory of Everything,2HL5iZSAOHYwIrsSXNqSwI
951,Colors Of The Wind,1OYOLWqKmhkFIx2KC9ek1a
952,Problems Up Here,14dy1G7FpLzzY7qXc72Cyy
953,Walrus: The Right Piece of Ice,5K9lvoBSFQvocWZCzuPugE
954,A Call To Arms,0xrLn2KUN5bB7D7rcCDBW7
955,Chhore Ncr Aale,4YzmUshoyqoiOx2lVM0rD9
956,Laado,0NuWRfZRWzn1oc9piFhK9n
957,Haryana Hood,1RdrAqXa2fUj2XytsKaUwl
958,Badmos Chora,1aN0nqXAM5fgrsmltCMUgq
959,Dope Shope,3pVXZ04pu8zYaiAHCrh6PV
960,Getup Jawani,5BE6214zFFNKBCYYj1sFpu
961,High Heels,7q7eYVerltlW2sYBuga6Mj
962,Brown Rang,3yRLROmAcKJBqTrdEczFB8
963,Mast Kalander,0aBjhl7GlIG0EiGPWhkK36
964,This Party Getting Hot,1jCsVnVmKT0FaHHldkMtOa
965,"High Heels Te Nachche (From ""Ki &amp; Ka"") (feat. Jaz Dhami, Aditi Singh Sharma)",1bAa1OyefOhXdqnL8dlxFt
966,Sooraj Dooba Hain,48pyUxg9RYuwie5M9R7qRn
967,Tujhe Kitna Chahne Lage,2YaZqj5rsZXsZF4YtlqVFL
968,"Tum Kya Mile (From ""Rocky Aur Rani Kii Prem Kahaani"")",06LCamFUOtImIKi9mFRKiD
969,"Saregama Carvaan Medley (From ""Rocky Aur Rani Kii Prem Kahaani"")",1ObanIsEKvVTO3JBACp9vf
970,Candy Shop,7u8rSIe0Rh7XrwPV9btvwG
971,Down On Me,0x3TibRgnSqzkcwrqBd4iX
972,Just A Lil Bit,4nva9EpKntUTs6CRSGBCn9
973,In da Club,7iL6o9tox1zgHpKUfh9vuC
974,Don't Cha,0BxfFnk0YzONqvmrkO0QrB
975,"Tum Kya Mile - Shreya\' s Version (From ""Rocky Aur Rani Kii Prem Kahaani"")",42tPERg9qp3EiwMId8Komc
976,"Hua Main (From ""ANIMAL"")",54PRUdMOYzglMGnsg9kIta
977,"Kudmayi (From ""Rocky Aur Rani Kii Prem Kahaani"")",7ClqKkywpMLbBJ6L52S6RL
978,"Ve Kamleya (Redux) (From ""Rocky Aur Rani Kii Prem Kahaani"")",6EivvaEepVTjmDde43eGiB
979,"Rani\' s Intro Theme (From ""Rocky Aur Rani Kii Prem Kahaani"")",2N0yE9DVslxOajhUL3oB45
980,Zara Zara Touch Me,4pyfUfyuiZxMIfLb0p1lnC
981,Shallow - Radio Edit,6uVZdMo4b4bHXgOOd3xJBa
982,Mera Yaar,2NECp5Tvb5Lm6TbJf0Y8xI
983,True Stories,28lvraTNIN8qiTpoIK7m8Z
984,Hungamaa Ho Gaya,3gv6ZRvumAlDJufUM93hfv
985,Someone To You,14BH4qO7pgCmIe6mgLKOK3
986,Radhe Kishori Daya Karo,1D5FnfJlBCLPdp9KvVn4Ai
987,Koi Apna Nahi,3X7lkZwh097j4mr8EdmGcx
988,"Lagdi Lahore Di (From ""Street Dancer 3D"")",5I2wbDvSI98HLVB42YO9sU
989,As It Was,2ZVbgMOwAkMahfcrgDI4r8
990,Tune Jo Na Kaha,0pw3p4gf5homOkvOGOJulF
991,Youngblood,2iUXsYOEPhVqEBwsqP70rE
992,Never Forget You,6hmhG1b4LEyNuashVvuIAo
993,There's Nothing Holdin' Me Back,7JJmb5XwzOO8jgpou264Ml
994,Maps,58Xx6ZPFsi6bqkFFZe0GD0
995,Sorry,3NugeSWmLIQQToQNm9uvnu
996,Havana (feat. Young Thug),3whrwq4DtvucphBPUogRuJ
997,Wake Me Up,4mrDXeRifQfTIKmqzU6OwL
998,Lavender Haze,2M4tVhRXucLE9M3STv21Yi
999,"Oh, Pretty Woman",52HAHV1j93s5B8GoTNI7DJ
1000,God's Plan,6DCZcSspjsKoFjzjrWoCdn
1001,Stand By Me,52PqAb53iL5xXznCuowyzs
1002,Bad Reputation (feat. Joe Janiak),0HZgYFimoJG9Ijy8InUWcV
1003,Ain't A Thing (feat. Bonn),3MhNgzZwFtUF6jSr6pRSkW
1004,Heaven,0vrmHPfoBadXVr2n0m1aqZ
1005,good 4 u,4ZtFanR9U6ndgddUvNcjcG
1006,everything sucks,3z06k8YF9CqX0CGFrlekOK
1007,Steal My Girl,2Bs4jQEGMycglOfWPBqrVG
1008,Story of My Life,4nVBt6MZDDP6tRVdQTgxJg
1009,Best Song Ever,5T7ZFtCcOgkpjxcuaeZbw0
1010,I'm a Mess,04ZTP5KsCypmtCmQg5tH9R
1011,SOS (feat. Aloe Blacc),2x0RZdkZcD8QRI53XT4GI5
1012,Something Just Like This,5wmm1LgJ2I2Rj2VaCqf9ZX
1013,Saanware Aijaiyo,2uDeh0ImYtWkYSPjrX77gb
1014,Din Shagna Da,20rwogC6aE369YsxFb5aRp
1015,Waka Waka (This Time for Africa) [The Official 2010 FIFA World Cup (TM) Song] (feat. Freshlyground),6bNB5gxFX6Q87DbQWb8OWZ
1016,Replay,4E5P1XyAFtrjpiIxkydly4
1017,Talk Dirty (feat. 2 Chainz),5l3CML2OnzfNs5RfVgbcLt
1018,Toca Toca - Radio Edit,2yLIf0wQ7lqhuwpdZBfmGZ
1019,295,5W7DOVGQLTigu09afW7QMT
1020,Ghodey Pe Sawaar,1a8w8nlIyIhE2W1HIayKnl
1021,"Ek Zindagi (From ""Angrezi Medium"")",6shPaz0rzOAGatiY6X6zLQ
1022,Apna Bana Le,5bQ6oDLqvw8tywmnSmwEyL
1023,O Sanam,2cGRuloXezvHDpoHX2bVyu
1024,Unke Rangon Mein,33k5PdmBBBvjFrYFnTqrzF
1025,Roobaroo,76jQWxN8ZeJ6pkSWUTHDrX
1026,Na Tum Jaano,7s6yy0SWZ4rluoQZsvJa2D
1027,Ek aisi subah,0WQ7D9M6PpeCBhrKBlJJXw
1028,Voh Dekhnay Mein,0EMYTe2oQy70PCKPQFlbVy
1029,Mann Bawara,7JuOr6DF911fVvQIeMzGYF
1030,"Kya Karoon? (From ""Wake Up Sid "")",4Yp8zw7b35bheMVTp39o5O
1031,"Safar (From ""Jab Harry Met Sejal"")",3BpaZLc6j9cBUsvnh5kinR
1032,Hope,4BiiOzZCrXEzHRLYcYFiD5
1033,Dance The Night - From Barbie The Album,11C4y2Yz1XbHmaQwO06s9f
1034,Houdini,51mo1ybEABm0hxcp4ewM3n
1035,Love Is Gone - Acoustic,7F1CiKqrY44kh5cDqwHOnx
1036,Mera Dil Bhi Kitna Pagal Hai - Recreated Version,2n9ylYiF7urpXo36qBwr3g
1037,Sick Boy,58kZ9spgxmlEznXGu6FPdQ
1038,"Heart Throb (From ""Rocky Aur Rani Kii Prem Kahaani"")",3NzV1WtIEQmOXq7HtqG3rr
1039,Clownfish,2u3pksPjruXSxtpMfxjc6t
1040,Bohemian Rhapsody - Piano Arrangement,1e82VOHWtsKP5sxfAAMHDL
1041,Portuguese Man of War,1mUG7ftwIxuq5fhMPkyM02
1042,Weedy Sea Dragon,1XxA468BOYiOsuCFGIF9wh
1043,Baby Turtle,1fTpP8OYVCFp4uCzJZgchn
1044,Boulevard of Broken Dreams,5GorCbAP4aL0EJ16frG2hd
1045,In the End,2qQg4qcqJmAalzRwhgf5mt
1046,Arjan Vailly,4ApCig0GTR4IEp7Ijsyo3r
1047,Hua Main,133L8gUatgtOGZUn5PH20C
1048,Satranga,3yHyiUDJdz02FZ6jfUbsmY
1049,Papa Meri Jaan,4m2af7wCfOyYLBQZ3l7xLs
1050,One Kiss (with Dua Lipa),7ef4DlsgrMEH11cDZd32M6
1051,Unknown Track,5nMYmCcEPXWXqEpNDG7Rdx
1052,Waiting For Love,2P4OICZRVAQcYAV2JReRfj
1053,Levels - Radio Edit,2GYEPdzrY6L1j0mvxH5zEt
1054,Drive By,4ven1OsMrsxiJXRFY96MYD
1055,"Lutt Putt Gaya (From ""Dunki"")",72Z2D7jpKevicRkyL45mbw
1056,"Arjan Vailly (From ""ANIMAL"")",1YKPRycM3GzKbZUYDgLrmn
1057,Tum Se Mil Ke,1ax8ZuwRVkSdzzsIqyCNWQ
1058,"Satranga (From ""ANIMAL"")",3yHyiUDJdz02FZ6jfUbsmY
1059,Saari Duniya Jalaa Denge,0YxKKO272sacGBJKjf6FnB
1060,Tu hai kahan,3zSSCPpLZ5Oc8nelhhGjKz
1061,Long time no see,6V4N3h4HYD1Ask9cUTxjjg
1062,Sometimes,6uRDIUlho7fUYTUsGVvNXU
1063,Chehre,4VYPJWEA2AezjlY546Qv0W
1064,Dooriyaan,5F79ZdjOwGOhUKRHx94sr1
1065,Once Upon a December (from Anastasia),4W37fDymJzsqaarlKKEvcM
1066,Main Title,5YUp07DHVeeUhHgnu4r9lM
1067,Journey to Exegol,5dRC1qJX3IBG6BIvmrmnrI
1068,The First Branch,6PVYI5G4TIx0IHq1SidRho
1069,Temple,2fGJOLNFYhvUnybWYT2Uf0
1070,Cornfield Chase,615JiPjSiueBgp9HjXgCZ2
1071,Savage Beauty,2aUsjBN2uYzNTV254mzbBG
1072,Jake's first flight,7nduF0mP1S9t8cHJ2f5XOC
1073,Experience,2IfRJIRmAHbVXDz8S5gb0m
1074,Flying,3SY3nDEJ22o7vg3awK1ahd
1075,The Ibex,6PePynWwpvkR8jxY0uiHzl
1076,The Whirling Ways of Stars that Pass,1VWYKR91K0WYMxyBHNaYxt
1077,Ironfoot - Extended Version,0066u0Nc8LLFYvln3BmBJd
1078,Lumos! (Hedwig's Theme),2G5hAbyjLoY1wSQFbOy5PN
1079,Finn's Confession,2XARRIVeJKBjbXCFSAzwFO
1080,The Thestral Chase,3aTKb3ottzhElNxoYiscPw
1081,Chalkboard,1hl9GLcY3XlDIIL3G22Glk
1082,Love Is A Song,2iRcaF3qbZZiP5HTFr62wd
1083,Dragonsreach,3A6B7EgDzGsBakF8u6Jvlw
1084,The Rise of Skywalker,4Iq1RTs2EDsPckXURxlSpo
1085,What Does This Mean,1nInOsHbtotAmEOQhtvnzP
1086,The Library,7EoUKKGjVYJjcDCX0uy1SZ
1087,A Chance Meeting,0lmT9W6HJBuHTTLAx55CEI
1088,War,5IIOPfBL3qjP4yZYaI0bQ4
1089,Portal - Still Alive,3LPKk7Q1Roz51mxCEP8VZT
1090,"Piano Concerto No. 2 in C Minor, Op. 18: I. Moderato",53TyiXXasCPc7mphjBCthy
1091,Christmas Lights,6PWwPv9eoltgzMRrBVRHWX
1092,Yaariyaan - Male Vocals,0EiZCuVOP3E9MobSidssSC
1093,Second Hand Jawaani,7kz0NubU5M4k9kdARMBlFK
1094,Tera Naam Japdi Phiran,6jVhK4PLgBYGwPyfiLLz03
1095,Luttna,7vok46rp9gv0ZU3H3nMk6E
1096,Main Sharabi,6Kg7ZnpwfeVj3XFtt1SAaB
1097,Jugni,57YNXFZt58cAXgIrxqbFsT
1098,Be Gone - Urbandawn Remix,3bvBkpDqIYFUFw0B5K8mSM
1099,Symphony (feat. Zara Larsson),1x5sYLZiu9r5E43kMlt9f8
1100,Infinity,326mrCwt8fDGamXSxIKtdI
1101,Eastside (with Halsey & Khalid),7FGq80cy8juXBCD2nrqdWU
1102,Attention,1ilt2bwts2Y4k86N7DfUVZ
1103,Mama,3Z3ldilmAxJccTZv0GeUfq
1104,"Hamari Adhuri Kahani (Title Track) [From ""Hamari Adhuri Kahani",3HiobOOpSpMsi95WBKPBYk
1105,Roke Na Ruke Naina,2k7RoJQR0mi8WVWK0Och93
1106,Lo Maan Liya,2wJ9d1Gfj8OqcznPAroqvh
1107,Main Rahoon Ya Na Rahoon,6f3ANRNQ8nCiPZ6VqXqq93
1108,"Mann Bharryaa 2.0 (From ""Shershaah"")",3jf5303mzzJ96O8xFTcEn4
1109,Bekhayali,2o8QpLOY6YF2T2QcBZv2VL
1110,Tum Hi Aana (Sad Version),6vNolBIVWvfY3Z20gAG5nI
1111,Kya Loge Tum,6t7PuZfHAtNGheWisgUq3I
1112,"Dil De Diya (From ""Thank God"")",2eEFO3wzZc5Ypv3AzIrTFv
1113,Khamoshiyan,6zCQF5tu7HVwU9shhKqiuF
1114,Achha Sila Diya,727ht2tmf42Nm6lKTHSOPQ
1115,Taaron Ke Shehar,4BlnTpQxYuqyU2pgbmwIyL
1116,"Bandeya - From ""Dil Juunglee""",6gwnKOvdBKkTU4CQ7KpIAu
1117,Duaa,6K8FuCDW45XckwAHlj8Gmd
1118,Daayre,0OQzbOu5JGo2LgtwJI04zO
1119,Baaton Ko Teri,23CkVQ84EestqfkEy4fhOQ
1120,Chale Jaana Phir (Humko Tere Bina),04ChFQZCKl2yRcvc0VR7qN
1121,Lut Gaye,2rU33n6Fhd6G1MzYhUj6C5
1122,Sunn Raha Hai,5PvwPy5eRO8BPwpRzCHK3D
1123,Kaun Tujhe,15T1dzKSIe0hNS9bokbFjt
1124,"Sapna Jahan (From ""Brothers"")",4TN6elrxy5tP5ntr69cqXL
1125,Jo Tu Na Mila - Acoustic,0TyyNe2BGZ5UOUzSGT4pP2
1126,Saiyaara,1ocYa8PoVd5e2vPn0xHJcA
1127,Beete Lamhein,0zQa7QXLpUZfrrsWbgDZll
1128,Yaar Ka Sataya Hua Hai,2Y2l0h051Vk4qUG2ZH7KKy
1129,Let Her Go (feat. Ed Sheeran) - Anniversary Edition,1nHKI4L5pWrN5CUvW07nHP
1130,Reality,7aYgaUAP12qRQmqcyXnBzo
1131,Whistle,0PTJKhENs5LiemObej1mpw
1132,Are You With Me,4255amV4enzl28KAn16rUO
1133,SNAP,76OGwb5RA9h4FxQPT33ekc
1134,Faded,0HmONWWIU1FXkwWLDpqrjl
1135,Hall of Fame (feat. will.i.am),09q25kUOESuDfTbgjcq8CD
1136,Don't Let Me Down,1i1fxkWeaMmKEB4T7zqbzK
1137,Reflection - Instrumental,02y4CADbBLKy1dpFsSeay5
1138,The Children,7k8DQNQga4UMKFsnVSCPE0
1139,Under the Sea,7gHs73wELdeycvS48JfIos
1140,Teldrassil,1EziIQaF6OQ7tUk114pBor
1141,Arena Crumbles,2f7aiJFUpyLqJeFEgOXKm2
1142,"Glasgow Love Theme - From ""Love Actually""",2dz5fCXiNZk4W5Qptpmfgm
1143,We Both Made Promises - Extended,3Ir8iKCv67pW100PDSgWtk
1144,Stoick's Ship,1Fdt0xCusHEx2uSThBKYsy
1145,Looking For A Truck,1AepNE2f1vxGFipqsPdmYp
1146,La Valse de L'Amour,0BNQdhKugKzoezQVkHB1TA
1147,Lutt Putt Gaya,72Z2D7jpKevicRkyL45mbw
1148,Nikle The Kabhi Hum Ghar Se,0TB3o17WOQginPe0ob0sE6
1149,Home,0OI7AFifLSoGzpb8bdBLLV
1150,My Stupid Heart,1y5K73ZMtl7x7oEvcADZZk
1151,My Stupid Heart - Kids Version,1y5K73ZMtl7x7oEvcADZZk
1152,My Stupid Heart (with Lauv),1SVOLTmC627fn0XY9ltvx2
1153,Say Less,55MNQkGfPC8iVtS13GV6mq
1154,Start Again,4l5e4G1RzrfWWFgehoEgAH
1155,DNA,0TAhz6k4ho8ajh7FOV1Udt
1156,Arrival at Winterfell,0VeOw2I0PIDZScE9HCUKgN
1157,"thank u, next",66iP3U2QOKgevrnrbWk53S
1158,The About Time Theme,67Sib1kWVcI4sxJuTPUfxO
1159,More Power,2dGHj4esXHUIpmtAkJ2UR4
1160,Lifting Fingerprints,5hhmshwDpwcyfsyzUiiZj5
1161,Join Me,0d510tdfPL5wEdjUDe9CjH
1162,Shattered Shields,4QRwVzgh1IfaWGAz2eA3YN
1163,Travel Delays - Extended,6YSQDa7eZQxCjd4psStP9m
1164,Let It Go,0qcr5FMsEO85NAQjrlDRKo
1165,"Carl Goes Up (From ""Up"")",1mD4ResONwh19VNAQpwPCh
1166,Up - solo piano theme,37YV2vftTgOL4CKtlB4yki
1167,Entering the Castle,4xSER9qQG4DnGSAIBWy0mG
1168,I Can’t Help Falling in Love,44AyOl4qVkzS48vBsbNXaC
1169,"The Quest For Erebor - From ""The Hobbit - The Desolation Of Smaug""",6PC2SRIp0IZCdRTyHwLGA2
1170,I'm Yours,37vVp2sWHuuIBOSl1NswP6
1171,The Real Hero,3KHrXuByzDnDOaVR15rZH7
1172,Online,5eJNm87J8KZswp9G8lpMCv
1173,Stormwind,2gCfmy7yKAAPYymXZzOp13
1174,Nagini,4m8eXK0GbbWKYxWlMdD5O3
1175,The Black Lake,38GqVS4rDFnL0291QCiza9
1176,Blood of My Blood,7kMr7gQm5lzvwlc5VZHgMO
1177,Tooth and Claw,4rJSq9z60yScNTlJ4Lvpei
1178,The Ludlows,6vtY2LUeXJ7KISwgiTu0Ph
1179,I Need You,05SBRd4fXgn8FX7bf8BCAE
1180,The Dreams that Stuff is Made Of,4GNAkByimF0pxX2vgG35Z3
1181,I Can't Risk This,7hvxa8oGTd98UN5C2P0DuN
1182,Ex's and Oh's,14py6hiJISlqWK3AyWXmGJ
1183,Wolf Chase,4uMcM69KR2ZveqWG2l8JSG
1184,Sab Farzi,6ocY7IQEdpgJcXm0ALKkdv
1185,Aasmaan,4OJ3ecc157Wg4Z29aglEOu
1186,O Maahi,0qQ4IdhjzNr0gJhdMTf2n3
1187,Chal Ve Watna,768EkqSx9tvhMotfwGEum3
1188,Banda,7KQdgW7QzNd9oPoCzjCU76
1189,Main Tera Rasta Dekhunga,4zfWw4IttVasH4tIuLIW65
1190,Pyaar Aaya,3ixMjC2DtqNCmffEW8rSwv
1191,Dus Bahane,1vBmaijoCBoqmwc3zs5n3s
1192,Pehle Bhi Main,7yDHHVKLbvDmVw1XXhDDIO
1193,Husn,0TL0LFcwIBF5eX7arDIKxY
1194,"O Maahi (From ""Dunki"")",0qQ4IdhjzNr0gJhdMTf2n3
1195,"Ishq Jaisa Kuch (From ""Fighter"")",23YpzkTDtU78GK6vpgRbkM
1196,Shikayat,7e2dvR0ySx1bBJRDxVJiG1
1197,Saajan Ve,3iFYJMrRS0fLrwDNVbqNF0
1198,Dil Haareya,4vrpvlcDM3uze5PoOgZpoV
1199,Mannat,26elzgFl8tvajnDfeoY1YF
1200,Blur,4zmdSbVzs06VyVRlmc5QTl
1201,"Abrar’s Entry | Jamal Kudu (From ""ANIMAL"")",35FFqjqaPv1Fr9B1GtJdZO
1202,"Leke Prabhu Ka Naam (From ""Tiger 3"")",66v97IvccVkHt40FIOq1LH
1203,Aise Kyun,02wf1NAQdIpe5S1NJYPwvB
1204,Tu Jaana Na Piya,4u0D2jZ20wQaEMHBSqsDnZ
1205,Hum Toh Deewane,2A4lcqTJZgUs1XrW6TSvt0
1206,Rang Lageya,7mSzDKajY2wUtstQSLdzMK
1207,Lamhey,5Z2GQ0eBKoatNYqbGayihP
1208,Manjha,0UZLaEOSIc5kg0cc7eszqC
1209,"Kaise Ab Kahein - From ""Gutar Gu""",3eSm4iAkLsn3BeggfiQOH9
1210,"Ishq Nachaawe - From ""Kho Gaye Hum Kahan""",4lQzrLcNfjm1fqBpQmbHG6
1211,Kabhi Shaam Dhale,50OVvDb6s8hUsos5AJmPnv
1212,One Love,2W5acFzXf5FrktecuD30Or
1213,With You,0xIuPDzJSnJywALez8dwKR
1214,greedy,3rUGC1vUpkDG9CZFHMur1t
1215,Paint The Town Red,2IGMVunIBsBLtEQyoI1Mu7
1216,"Jai Jai Shivshankar (From ""War"")",6lfSsCL894Qw15xbt7cSUy
1217,Sau Aasmaan,5czJMpadRTKwheBXCfiJkm
1218,Naina Milayke,3ylrAcRTfhiiTDLKInsWr1
1219,Desi Kalakaar,7m4CgL81VVIHaaiSxyH922
1220,Khalasi | Coke Studio Bharat,5LSAafg2oH9YPgf3EG17iw
1221,Gul,4ITtnvLQ6SOA8XhiqkLa24
1222,Akhiyaan,0M0ANKNzmM4Odd7FNKghzW
1223,Obsessed,6Z4rRhYZVQsYKmrxD40tru
1224,Excuses,29m79w9xPMH4YCD6r8JSmV
1225,Kya Mujhe Pyar Hai,3HFjh7QljnUCBLsoTwMuTj
1226,Kho Gaye,2QophXhN2Ls2URfoPmiviC
1227,Aankhon Se Batana,1ZiReD9pPTttQWwSoYqdyH
1228,Summer High,1aL9518P5G72N92b48tuKw
1229,Farq hai,6MZyrnqwsLnrWY5Gk0AyXg
1230,Brown Munde,58f4twRnbZOOVUhMUpplJ4
1231,Kina Chir,6XPmY4hIb1RGRyNuq0UBsl
1232,"Dil Ko Karaar Aaya (From ""Sukoon"")",5urYiIXu1ZhfMAOsp7WDTc
1233,"Manike (From ""Thank God"")",0zlGnseLGzRIBA0TJcb3Bo
1234,Bikhra,0OdztoASgKBBNcAgtErk0X
1235,Daku,3wz2vWhYnnBoFmgMkqtzLy
1236,Bye,0PGU5mcLncBYE8yuVpSwqA
1237,White Brown Black,3nKQrVVlwbAQSnFbgZWdN0
1238,Mi Amor,24MMjyA3NLqCsDJfsn51eg
1239,Wishes,5rpCUsEfBLIumvrxrahnKF
1240,Noor E Khuda,55fSZWdcvMPJga3LbiV8jN
1241,Elevated,2AilvPt1AQ8PixlCKqkjfj
1242,Admirin' You (feat. Preston Pablo),6NJ8Z5GDoHe47R6gGX6sLq
1243,Jaadugar,4ujToRFWb3C8tdPkmVPwu2
1244,Still Rollin,6oz1L5jcqZWYuId7nxvIan
1245,Tere Bin,4ynrGpHy0cTZPRBJrhIHNP
1246,Daru Badnaam,2TzyJEUfWHGRsk3r6Emvbk
1247,"Ordinary Person (From ""Leo"")",6FahmzZYKH0zb2f9hrVsvw
1248,Hass Hass,72vuBPMhwFNlSYpTSf6fVD
1249,Players,5TjVLCESR9XIp5vDAWYfmi
1250,"Hukum - Thalaivar Alappara (From ""Jailer"")",3pDbPKZHrpHAWcJVMsrNwA
1251,Baller,42TMa2hgBNjte4uV7jNCnQ
1252,Khayaal,7fY8qVujvm5lZBrt5Y1sIJ
1253,Aise Kyun - Ghazal Version,02wf1NAQdIpe5S1NJYPwvB
1254,Yadav Brand 2,1AMD2AkfGrKoKhwkvYLbza
1255,KALESHI CHORI,6FrihRowEuYfNehH0zcx0e
1256,"Naa Ready (From ""Leo"")",1B02UI29t3PTh3m98absaP
1257,Safar,6w458kA8WOAIZr1ublxnK9
1258,Jhoom - R&B Mix,6zAvNLJkdyRApUHnlJjKfO
1259,Apa Fer Milaangey,5BBB2PDgDWi6NBECj0wJiA
1260,Rangisari,0DXfJ2iKRDEG7rPgssWFea
1261,Chidiya,0aoN9BQostK81IFddJn8Ej
1262,Mulaqat,7uZLUFqPgGqwzD5rzOl8Sa
1263,Choo Lo,0rlLBWFFTQiOWi963SH9bb
1264,Alfaazo,6KvXpACADAz73IPrCgXobL
1265,Co2,3hB9lDLyAClYVZivMMl20N
1266,Kaise Banu,4L0bU9ecxMP6U6o0ZnPyCt
1267,Aa Mil,67LdLmIj2GVrGf4ZUuLaE1
1268,Sunday,1GMFeGQBppaepcx6NsR7qB
1269,Khwaab,59alvnjzlbX6LaHhXGDZYv
1270,Tu Chodiyon Na,4trQhzRfEN0z5htXvjc5zA
1271,Baarishein,3WLJ7D5kh44K5eJ1NqZQ6W
1272,Junoon,4roFMBSQp7W4fYVxKMmhA5
1273,Saajanwa,6NWgIuDeOr1Xeb4MZ1Bl6L
1274,Tum Jaise Ho,7ofq7AcSmMCB2fKpj1iDoo
1275,Body Back (feat. Maia Wright),1z1XegUChLLQfcbtIK8ABn
1276,Pal Behta Jaaye,0fIbPMXnTdyuW2UirA9mWQ
1277,socha na tha,4nh0aT30hfj3smH6flWU63
1278,Saibo - Lofi Flip,1E16f7KcZmuXuhlenRwA2m
1279,Alag Aasmaan,3bQsp4Vr9Rg4fNCx6HPOgX
1280,Sawarne Lage,7E4sdzJDrVMu8qcwyxz3vP
1281,Cheques,4eBvRhTJ2AcxCsbfTUjoRp
1282,Bolo Na,1JKAoKg9ctbYLDgyyP3vPP
1283,Restart - Rap 'N' Folk,1xtw4Nd4IvO25XTWQmmVJA
1284,Restart - Rap,0uV68715S8XFQ1zLQOoVZR
1285,Kashmir,5orNEFkFG4RP24goF02AuD
1286,Haiwaan,3Zh2ngO9easf9Nj868G6a9
1287,Laung Da Lashkara,5pQODzb8j3xMQ1qvrQXJvo
1288,Rola Pe Gaya,2CYjOJhjqxU3IzYWnDmz8A
1289,Leke Prabhu Ka Naam,66v97IvccVkHt40FIOq1LH
1290,Aadat Hai Voh,2Jb8MTk4AsDSvlIey8LYUr
1291,Saaki,3zEkqnyPzhHBuHCeoWLYjQ
1292,"Ranvijay\'s Entry Medley (From ""ANIMAL"")",6Ee9j3KfgdNTlXcK2XSpH6
1293,Tu Meri,0800NFKDicegzMbus9LiuH
1294,Kinni Kinni,3F3ZuXYFXGM1V6pk3b3zmi
1295,"Akhiyaan Gulaab (From ""Teri Baaton Mein Aisa Uljha Jiya"")",0M0ANKNzmM4Odd7FNKghzW
1296,Sadi Gali,1tEto4JrqNmBZFH5uAiYqb
1297,Koi Si,0rY5TEzbVFwphIzMhMh7hX
1298,Bom Diggy Diggy,6qCNaRRr5xJALfNJvh0NAw
1299,Satisfya,6HGoVbCUr63SgU3TjxEVj6
1300,"Sher Khul Gaye (From ""Fighter"")",0VXBujZKMLLlmee25BXEQs
1301,Hookah Bar,4AoQVhME8Ko6LNm4lV2wwQ
1302,Te Amo (Duet),3x55c9UVpbURc2T02DLfEM
1303,Pagol,7MpfARGQRFqZxHEWLBjDkx
1304,Ik Lamha,70MVLulHguwdhGo7100hsU
1305,Maharani,7unLxuzKpxbjASww1qi4br
1306,Pehli Nazar Mein,17opN752ZQpNuoptelsNQ1
1307,Yellow,3AJwUDP919kvQ9QcozQPxg
1308,Viva La Vida,1mea3bSkSGXuIRvnydlB5b
1309,Sparks,7D0RhFcb3CrfPuTJ0obrod
1310,Paradise,6nek1Nin9q48AVZcWs9e9D
1311,Fix You,7LVHVU3tWfcxj5aiPFEW4Q
1312,My Universe,3FeVmId7tL5YN8B7R3imoM
1313,The Scientist,75JFxkI2RXiU7L9VXzMkle
1314,Clocks,0BCPKOYdS2jbQ8iyB56Zns
1315,Violet Hill,1ZqHjApl3pfzwjweTfMi0g
1316,Speed of Sound,7clUVcSOtkNWa58Gw5RfD4
1317,"One Of The Girls (with JENNIE, Lily Rose Depp)",7CyPwkp0oE8Ro9Dd5CUDjW
1318,Popular (with Playboi Carti & Madonna) - From The Idol Vol. 1 (Music from the HBO Original Series),6WzRpISELf3YglGAh7TXcG
1319,Make Some Noise For The Desi Boyz,71s7tZo8OGlN3VXyURWLUr
1320,Jhak Maar Ke,7pTYN6Gxy3MOibdXmkzc5V
1321,Let It Be,7iN1s7xHE4ifF5povM6A48
1322,Allah Maaf Kare,68RveqIjrkOeBbEGL67GgA
1323,Qismat,3EqgnmFJIarfSqSdBWMI8r
1324,Chor,0FCe2NhPWKiSTAipf0lOAT
1325,Say Cheese,7uJkYfpWvJiiBGsChnk56I
1326,Flowers,7DSAEUvxU8FajXtRloy8M0
1327,Uptown Funk (feat. Bruno Mars),32OlwWuMpZ6b0aN2RZOeMS
1328,Another Love,3JvKfv6T31zO0ini8iNItO
1329,Dandelions - slowed + reverb,6fhG2KJgwO7CrNflRaRmvp
1330,Until I Found You,1Y3LN4zO1Edc2EluIoSPJN
1331,Hosanna,5NChQ2tXB9q9D8kdkLTWOL
1332,Hello,1Yk0cQdMLx5RzzFTYwmuld
1333,TAQDEER,12ywWPJS9maSknjEv6TLvS
1334,Ek Main Aur Ekk Tu,4UDFr3P1lRS6seQfmzCjz7
1335,Nadaan Parinde,6Z394Nd4gW6Ts9hmu3NUjx
1336,"Nadaan Parinde (From ""Rockstar"")",6Z394Nd4gW6Ts9hmu3NUjx
1337,Saadda Haq,7k3jpyYPnVnbO0p7iejWxL
1338,Meeting Place,09NCo4MjEUXzQ12sRoZBWJ
1339,Jaagran (Rockstar),7aGP8THL45LnFX8xIY1Jcx
1340,"Aisa Main Shaitaan - From ""Shaitaan""",6wGaAGXlxv4ENR2PE1T74E
1341,"Shaitaan Theme - From ""Shaitaan""",3knFLuj6EqsPmYwvsr81dy
1342,Die For You,2Ch7LmS7r2Gy2kc64wv3Bz
